filename,mint_visible,side,observed_markers_anomalies,phantom_stage,published_variety_match,confidence,image_quality_limits
2026-09-13_phantom-larose-001_hand-closeup-arrows.jpg,P (visible top-right),obverse,"Small raised dots on drapery near hand, marked by red arrows; user's Mosquito Bite zone",n/a (obverse),None,"High that raised features exist; mechanism unproven",Good close-up; single lighting angle
2026-09-13_phantom-larose-002_die-chip-arrows.jpg,P (obverse series),obverse,"Raised chip-like feature beside fingers + elongated raised wavy ridge along drapery line, both arrowed; Mosquito Bite + Splenter zone",n/a (obverse),None,"High that raised features exist; mechanism unproven",Excellent detail; arrows are annotations not defects
2026-09-13_phantom-larose-003_hand-detail-multi-arrows.jpg,P (obverse series),obverse,"Multiple raised features along fingers, knuckles, wrist and arm, all arrowed; wavy raised ridge on arm",n/a (obverse),None,"High that raised features exist; mechanism unproven",Tightest crop; shallow depth of field at edges
2026-09-13_phantom-larose-005_doubling-red-lines.jpg,P (obverse series),obverse,"Red lines trace wavy raised ridge down the arm (Splenter); no clear doubling visible",n/a (obverse),None,Medium — features visible but dark exposure,Very dark exposure; rotated framing
2026-09-13_phantom-larose-006_closeup-dots.jpg,P (obverse series),obverse,Raised dot at wrist junction + elongated raised feature on arm below hand,n/a (obverse),None,Medium-high,Dark; no annotation arrows
2025-04-10_phantom-larose-007_wide-231851.jpg,P (obverse series),obverse,"Marker zone in frame (EC initials visible); individual markers not resolved at this magnification",n/a (obverse),None,Low for markers,Camera timestamp 2025/04/10 23:18:51 (camera-set date); wide crop
2025-04-10_phantom-larose-008_wide-231848.jpg,P (obverse series),obverse,"Arm/drapery zone in frame; markers not individually resolved",n/a (obverse),None,Low for markers,Wide crop; timestamp 23:18:48
2025-04-10_phantom-larose-009_wide-141509.jpg,P (obverse series),obverse,"Opposite-side hand; small raised dots near sleeve junction visible; EC initials in frame",n/a (obverse),None,Medium,Timestamp 14:15:09; moderate sharpness
2025-04-10_phantom-larose-010_wide-141456.jpg,P (obverse series),obverse,Small raised dots on arm near sleeve; hand/arm detail,n/a (obverse),None,Medium,Timestamp 14:14:56; moderate sharpness
2026-07-08_phantom-larose-016_microscope-crack-arrows.jpg,P (obverse series),obverse,"Raised wavy ridge along arm clearly visible, arrowed (Splenter); no doubling visible; stamped 08-Jul-2026",n/a (obverse),None,"High that ridge exists; mechanism unproven",Bright/overexposed spots; microscope screen capture
2026-09-16_phantom-larose-011_reverse-united-arrows.jpg,P (reverse series),reverse,"Red arrows at rim markers near UNITED; small raised feature in field in front of foresail",Possible duck-head stage (early),None,Low-medium — small feature single angle,Close-up of rim zone only; arrows are annotations
2026-09-16_phantom-larose-012_reverse-full-golden.jpg,P (per index; mint not visible in frame),reverse,None visible at this magnification; ship/waves/lettering normal,Inconclusive — resolution too low,None,n/a,Full-coin frame; golden tone; too low detail for markers
2026-04-29_phantom-larose-013_reverse-sail-closeup.jpg,P (reverse series),reverse,Small bright raised feature in field in front of foresail near rim below UNI,Possible duck-head stage (early),None,Low-medium — one lighting angle,2026-04-29 photo; moderate sharpness
2026-05-04_phantom-larose-014_reverse-crack-closeup.jpg,P (reverse series),reverse,Small elongated raised wavy/crack-like linear feature in field in front of mast,Possible middle-crack stage,None,Low-medium,Tight macro; single angle; mechanism unproven
2026-09-16_phantom-larose-015_reverse-d-mint.jpg,D (visible),reverse,"Bow area near D mintmark; mast/foresail zone out of frame; nothing anomalous",Inconclusive — zone out of frame,None,n/a,Crop excludes Phantom zone
2026-09-04_takeout-017_microscope-screen-blurry.jpg,Unknown,reverse (screen photo),Coin detail not discernible,Non-diagnostic,None,n/a,Blurry screen photo; byte-identical to skip takeout-033
2026-09-06_takeout-018_d-reverse-dark-bg.jpg,n/a (album page),context,"Album page: 4 Mayflower quarters in mislabeled Delaware-D / Pennsylvania-D slots; handwritten mark; coins too small to grade",n/a — context image,None,n/a,Context only; byte-identical to skip takeout-034; index description mismatched
2026-09-07_takeout-019_d-reverse-dark-bg.jpg,D (visible),reverse,Full reverse normal strike; no anomalies at this magnification,No Phantom stage visible,None,Medium (normal strike),Full-coin frame; byte-identical to takeout-035
2026-09-07_takeout-020_d-reverse-purple-light.jpg,D (grid of 9 coins),reverse,"Nine D-mint reverses laid out; group/context shot; individual coins not evaluable",Not evaluable,None,n/a,Each coin too small in frame
2026-09-08_takeout-021_monitor-closeup-25c-area.jpg,Unknown,reverse (screen photo),Photo of monitor showing reverse detail; heavy moire,Non-diagnostic,None,n/a,Moiré destroys detail; byte-identical to takeout-037
2026-09-09_takeout-028_d-reverse-purple-light.jpg,D (visible),reverse,Full reverse normal strike; no anomalies,No Phantom stage visible,None,Medium,Full-coin frame; byte-identical to takeout-044
2026-09-09_takeout-029_d-reverse-purple-light.jpg,D (visible),reverse,"Mast area close-up, normal strike; no Phantom feature visible",No Phantom stage visible,None,Medium,Purple light; moderate detail
2026-09-11_takeout-022_d-reverse-maroon-fabric.jpg,Unknown,obverse (screen photo),"Screen/monitor photo of an obverse hand close-up (EC initials); heavy moiré; markers not evaluable; index description does not match visible content",Not evaluable,None,n/a,Screen photo; moiré
2026-09-12_takeout-023_d-reverse-maroon-fabric.jpg,D (visible),reverse,Full reverse on maroon fabric normal strike; no anomalies,No Phantom stage visible,None,Medium,Full-coin frame
2026-09-12_takeout-024_d-reverse-purple-light.jpg,D (visible),reverse,Full reverse normal strike; no anomalies,No Phantom stage visible,None,Medium,Full-coin frame
2026-09-14_takeout-025_d-reverse-coin-holder.jpg,D (visible),reverse,Full reverse in black circular holder normal strike; no anomalies,No Phantom stage visible,None,Medium,Full-coin frame
2026-05-06_takeout-026_multi-coin-group-shot.jpg,D (visible on some),reverse,"Group shot of 6–7 reverses on black velvet (TCL 10 Pro); context; not individually evaluable",Not evaluable,None,n/a,Coins too small in frame
2026-05-13_takeout-027_macro-bow-d-mintmark.jpg,D (visible),reverse,"Bow area macro; clean strike; no clash, strikethrough, or mintmark anomaly",n/a — bow zone,None,Medium,Crop excludes mast zone
takeout-032_20260903_042945.jpg,D (visible),reverse,"Full reverse, purple light, normal strike; no anomalies",No Phantom stage visible,None,Medium,Full-coin frame
takeout-035_20260907_132644.jpg,D (visible),reverse,Byte-identical to takeout-019; normal strike,No Phantom stage visible,None,Medium,Duplicate file
takeout-036_20260907_151603.jpg,D (visible),reverse,Reverse under microscope normal strike; no anomalies,No Phantom stage visible,None,Medium,Moderate detail
takeout-037_20260908_165738.jpg,Unknown,reverse (screen photo),Byte-identical to takeout-021 (monitor photo moiré),Non-diagnostic,None,n/a,Duplicate file
takeout-038_20260908_165954.jpg,D (visible),reverse,"Full reverse, Galaxy A23 watermark, normal strike; no anomalies",No Phantom stage visible,None,Medium,Full-coin frame
takeout-039_20260912_190331.jpg,D (visible),reverse,Full reverse on dark cloth normal strike; no anomalies,No Phantom stage visible,None,Medium,Full-coin frame
takeout-040_20260912_193330.jpg,D (visible),reverse,"Reverse in 2x2 flip labeled DEAL SON (yellow marker), normal strike",No Phantom stage visible,None,Medium,Coin small in frame
takeout-041_20260912_193543.jpg,D (visible),reverse,Reverse close-up normal strike; no anomalies,No Phantom stage visible,None,Medium,Moderate detail
takeout-042_20260913_140223.jpg,D (visible),reverse,Reverse in foam capsule holder normal strike; no anomalies,No Phantom stage visible,None,Medium,Moderate detail
takeout-043_img_20260909_165728762.jpg,D (visible),reverse,Reverse close-up normal strike; no anomalies,No Phantom stage visible,None,Medium,Purple light
takeout-044_img_20260909_165903946.jpg,D (visible),reverse,Byte-identical to takeout-028; normal strike,No Phantom stage visible,None,Medium,Duplicate file
takeout-045_img_0116.jpg,D (visible),reverse,"Reverse close-up lower half; mast texture in frame but resolution insufficient to judge Phantom stage",Inconclusive,None,Low,Close crop; insufficient resolution
