cluster_id,representative_path,member_count,mean_inliers,member_paths
DIE_01,photos/2025-04-10_phantom-larose-007_wide-231851.jpg,1,0,photos/2025-04-10_phantom-larose-007_wide-231851.jpg
DIE_02,photos/staging_first500/First 500/20260815_035901.jpg,2,19.0,photos/staging_first500/First 500/20260815_035901.jpg;photos/staging_first500/First 500/20260815_035908.jpg
DIE_03,photos/staging_first500/First 500/20260815_040913.jpg,2,30.0,photos/staging_first500/First 500/20260815_040913.jpg;photos/staging_first500/First 500/20260815_040921.jpg
DIE_04,photos/staging_first500/First 500/20260815_041147.jpg,1,0,photos/staging_first500/First 500/20260815_041147.jpg
DIE_05,photos/staging_first500/First 500/20260815_042502.jpg,3,265.0,photos/staging_first500/First 500/20260815_042502.jpg;photos/staging_first500/First 500/20260815_042516.jpg;photos/staging_first500/First 500/IMG_0028.PNG
DIE_06,photos/staging_first500/First 500/20260815_042836.jpg,2,267.0,photos/staging_first500/First 500/20260815_042836.jpg;photos/staging_first500/First 500/20260815_042845.jpg
DIE_07,photos/staging_first500/First 500/20260815_042909.jpg,1,0,photos/staging_first500/First 500/20260815_042909.jpg
DIE_08,photos/staging_first500/First 500/20260815_042922.jpg,3,210.0,photos/staging_first500/First 500/20260815_042922.jpg;photos/staging_first500/First 500/20260815_042930.jpg;photos/staging_first500/First 500/IMG_0114.JPG
DIE_09,photos/staging_first500/First 500/20260815_043004.jpg,1,0,photos/staging_first500/First 500/20260815_043004.jpg
DIE_10,photos/staging_first500/First 500/20260816_145910.jpg,1,0,photos/staging_first500/First 500/20260816_145910.jpg
DIE_11,photos/staging_first500/First 500/20260816_150054.jpg,2,21.0,photos/staging_first500/First 500/20260816_150054.jpg;photos/staging_first500/First 500/20260816_150058.jpg
DIE_12,photos/staging_first500/First 500/20260816_150102.jpg,1,0,photos/staging_first500/First 500/20260816_150102.jpg
DIE_13,photos/staging_first500/First 500/20260816_150107.jpg,1,0,photos/staging_first500/First 500/20260816_150107.jpg
DIE_14,photos/staging_first500/First 500/20260816_150114.jpg,1,0,photos/staging_first500/First 500/20260816_150114.jpg
DIE_15,photos/staging_first500/First 500/20260816_150144.jpg,1,0,photos/staging_first500/First 500/20260816_150144.jpg
DIE_16,photos/staging_first500/First 500/20260816_152047.jpg,2,39.0,photos/staging_first500/First 500/20260816_152047.jpg;photos/staging_first500/First 500/Screenshot_20260815_102200_Photos.jpg
DIE_17,photos/staging_first500/First 500/IMG_0053.PNG,1,0,photos/staging_first500/First 500/IMG_0053.PNG
DIE_18,photos/staging_first500/First 500/IMG_0054.PNG,2,155.0,photos/staging_first500/First 500/IMG_0054.PNG;photos/staging_first500/First 500/IMG_0055.PNG
DIE_19,photos/staging_first500/First 500/IMG_0092.JPG,1,0,photos/staging_first500/First 500/IMG_0092.JPG
DIE_20,photos/staging_first500/First 500/IMG_0105.PNG,6,420.4,photos/staging_first500/First 500/IMG_0105.PNG;photos/staging_first500/First 500/IMG_0106.PNG;photos/staging_first500/First 500/IMG_0107.PNG;photos/staging_first500/First 500/IMG_0108.PNG;photos/staging_first500/First 500/IMG_0109.PNG;photos/staging_first500/First 500/IMG_0110.PNG
DIE_21,photos/staging_first500/First 500/Messenger_creation_38540D8A-CE28-484A-B0B0-C946B218C6F8.jpeg,3,79.0,photos/staging_first500/First 500/Messenger_creation_38540D8A-CE28-484A-B0B0-C946B218C6F8.jpeg;photos/staging_first500/First 500/Messenger_creation_4DC0A357-91A7-494C-BB13-214FBCF34FAC.jpeg;photos/staging_first500/First 500/Messenger_creation_E1A47969-2930-4005-9AF4-919E74A04326.jpeg
DIE_22,photos/staging_first500/First 500/Screenshot_20260813_132046_Facebook.jpg,1,0,photos/staging_first500/First 500/Screenshot_20260813_132046_Facebook.jpg
DIE_23,photos/staging_first500/First 500/Screenshot_20260815_091649_Reddit.jpg,1,0,photos/staging_first500/First 500/Screenshot_20260815_091649_Reddit.jpg
DIE_24,photos/staging_first500/First 500/Screenshot_20260815_094304_Reddit.jpg,6,67.0,photos/staging_first500/First 500/Screenshot_20260815_094304_Reddit.jpg;photos/staging_first500/First 500/Screenshot_20260815_094310_Reddit.jpg;photos/staging_first500/First 500/Screenshot_20260815_094315_Reddit.jpg;photos/staging_first500/First 500/Screenshot_20260815_094320_Reddit.jpg;photos/staging_first500/First 500/Screenshot_20260815_094324_Reddit.jpg;photos/staging_first500/First 500/Screenshot_20260815_094329_Reddit.jpg
UNMATCHED,,420,0,photos/2025-04-10_phantom-larose-008_wide-231848.jpg;photos/2025-04-10_phantom-larose-009_wide-141509.jpg;photos/2025-04-10_phantom-larose-010_wide-141456.jpg;photos/2026-04-29_phantom-larose-013_reverse-sail-closeup.jpg;photos/2026-05-04_phantom-larose-014_reverse-crack-closeup.jpg;photos/2026-05-06_takeout-026_multi-coin-group-shot.jpg;photos/2026-05-13_takeout-027_macro-bow-d-mintmark.jpg;photos/2026-07-08_phantom-larose-016_microscope-crack-arrows.jpg;photos/2026-09-04_takeout-017_microscope-screen-blurry.jpg;photos/2026-09-06_takeout-018_d-reverse-dark-bg.jpg;photos/2026-09-07_takeout-019_d-reverse-dark-bg.jpg;photos/2026-09-07_takeout-020_d-reverse-purple-light.jpg;photos/2026-09-08_takeout-021_monitor-closeup-25c-area.jpg;photos/2026-09-09_takeout-028_d-reverse-purple-light.jpg;photos/2026-09-09_takeout-029_d-reverse-purple-light.jpg;photos/2026-09-11_takeout-022_d-reverse-maroon-fabric.jpg;photos/2026-09-12_takeout-023_d-reverse-maroon-fabric.jpg;photos/2026-09-12_takeout-024_d-reverse-purple-light.jpg;photos/2026-09-13_phantom-larose-001_hand-closeup-arrows.jpg;photos/2026-09-13_phantom-larose-002_die-chip-arrows.jpg;photos/2026-09-13_phantom-larose-003_hand-detail-multi-arrows.jpg;photos/2026-09-13_phantom-larose-004_die1-markers-reference.jpg;photos/2026-09-13_phantom-larose-005_doubling-red-lines.jpg;photos/2026-09-13_phantom-larose-006_closeup-dots.jpg;photos/2026-09-14_takeout-025_d-reverse-coin-holder.jpg;photos/2026-09-16_phantom-larose-011_reverse-united-arrows.jpg;photos/2026-09-16_phantom-larose-012_reverse-full-golden.jpg;photos/2026-09-16_phantom-larose-015_reverse-d-mint.jpg;photos/2026-09-16_threads-001_death-of-a-die-carousel-cover.jpg;photos/2026-09-16_threads-002_phantom-error-carousel-cover.jpg;photos/staging_first500/First 500/20260813_044332.jpg;photos/staging_first500/First 500/20260813_120856.jpg;photos/staging_first500/First 500/20260813_120906.jpg;photos/staging_first500/First 500/20260813_120915.jpg;photos/staging_first500/First 500/20260813_120927.jpg;photos/staging_first500/First 500/20260813_120930.jpg;photos/staging_first500/First 500/20260813_120933.jpg;photos/staging_first500/First 500/20260813_120935.jpg;photos/staging_first500/First 500/20260813_120938.jpg;photos/staging_first500/First 500/20260813_120940.jpg;photos/staging_first500/First 500/20260813_120949.jpg;photos/staging_first500/First 500/20260813_120951.jpg;photos/staging_first500/First 500/20260813_120952.jpg;photos/staging_first500/First 500/20260813_120954.jpg;photos/staging_first500/First 500/20260813_120956.jpg;photos/staging_first500/First 500/20260813_120958.jpg;photos/staging_first500/First 500/20260813_225337.jpg;photos/staging_first500/First 500/20260813_225419.jpg;photos/staging_first500/First 500/20260813_225431.jpg;photos/staging_first500/First 500/20260813_225445.jpg;photos/staging_first500/First 500/20260813_225459.jpg;photos/staging_first500/First 500/20260813_225610.jpg;photos/staging_first500/First 500/20260813_225621.jpg;photos/staging_first500/First 500/20260813_225627.jpg;photos/staging_first500/First 500/20260815_010930.jpg;photos/staging_first500/First 500/20260815_011643-EDIT.jpg;photos/staging_first500/First 500/20260815_011643.jpg;photos/staging_first500/First 500/20260815_012235-EDIT.jpg;photos/staging_first500/First 500/20260815_012333.jpg;photos/staging_first500/First 500/20260815_013046.jpg;photos/staging_first500/First 500/20260815_013232.jpg;photos/staging_first500/First 500/20260815_013234.jpg;photos/staging_first500/First 500/20260815_023030-EDIT.jpg;photos/staging_first500/First 500/20260815_023030.jpg;photos/staging_first500/First 500/20260815_023057-EDIT.jpg;photos/staging_first500/First 500/20260815_023057.jpg;photos/staging_first500/First 500/20260815_023103-EDIT-EDIT.jpg;photos/staging_first500/First 500/20260815_023103-EDIT.jpg;photos/staging_first500/First 500/20260815_023103.jpg;photos/staging_first500/First 500/20260815_023135-EDIT.jpg;photos/staging_first500/First 500/20260815_023135.jpg;photos/staging_first500/First 500/20260815_023457 (1)-EDIT-EDIT.jpg;photos/staging_first500/First 500/20260815_023457 (1)-EDIT.jpg;photos/staging_first500/First 500/20260815_023457 (1).jpg;photos/staging_first500/First 500/20260815_023457.jpg;photos/staging_first500/First 500/20260815_023459-EDIT.jpg;photos/staging_first500/First 500/20260815_023459.jpg;photos/staging_first500/First 500/20260815_034740.jpg;photos/staging_first500/First 500/20260815_034845.jpg;photos/staging_first500/First 500/20260815_034910.jpg;photos/staging_first500/First 500/20260815_035008.jpg;photos/staging_first500/First 500/20260815_035027.jpg;photos/staging_first500/First 500/20260815_035046.jpg;photos/staging_first500/First 500/20260815_035107.jpg;photos/staging_first500/First 500/20260815_035127.jpg;photos/staging_first500/First 500/20260815_035141.jpg;photos/staging_first500/First 500/20260815_035218.jpg;photos/staging_first500/First 500/20260815_035241.jpg;photos/staging_first500/First 500/20260815_035303.jpg;photos/staging_first500/First 500/20260815_035347.jpg;photos/staging_first500/First 500/20260815_035407-EDIT.jpg;photos/staging_first500/First 500/20260815_035407.jpg;photos/staging_first500/First 500/20260815_035425-EDIT.jpg;photos/staging_first500/First 500/20260815_035425.jpg;photos/staging_first500/First 500/20260815_035435-EDIT-EDIT-EDIT.jpg;photos/staging_first500/First 500/20260815_035435.jpg;photos/staging_first500/First 500/20260815_035457-EDIT.jpg;photos/staging_first500/First 500/20260815_035457.jpg;photos/staging_first500/First 500/20260815_035511.jpg;photos/staging_first500/First 500/20260815_035527-EDIT-EDIT.jpg;photos/staging_first500/First 500/20260815_035527.jpg;photos/staging_first500/First 500/20260815_035550-EDIT.jpg;photos/staging_first500/First 500/20260815_035550.jpg;photos/staging_first500/First 500/20260815_035612-EDIT-EDIT-EDIT.jpg;photos/staging_first500/First 500/20260815_035612.jpg;photos/staging_first500/First 500/20260815_035625-EDIT-EDIT-EDIT.jpg;photos/staging_first500/First 500/20260815_035625-EDIT.jpg;photos/staging_first500/First 500/20260815_035625.jpg;photos/staging_first500/First 500/20260815_035644-EDIT-EDIT.jpg;photos/staging_first500/First 500/20260815_035644.jpg;photos/staging_first500/First 500/20260815_035700-EDIT-EDIT.jpg;photos/staging_first500/First 500/20260815_035700-EDIT.jpg;photos/staging_first500/First 500/20260815_035700.jpg;photos/staging_first500/First 500/20260815_035737.jpg;photos/staging_first500/First 500/20260815_035755-EDIT-EDIT.jpg;photos/staging_first500/First 500/20260815_035755-EDIT.jpg;photos/staging_first500/First 500/20260815_035755.jpg;photos/staging_first500/First 500/20260815_035814.jpg;photos/staging_first500/First 500/20260815_035838-EDIT.jpg;photos/staging_first500/First 500/20260815_035838.jpg;photos/staging_first500/First 500/20260815_035916.jpg;photos/staging_first500/First 500/20260815_035924.jpg;photos/staging_first500/First 500/20260815_035947.jpg;photos/staging_first500/First 500/20260815_040002.jpg;photos/staging_first500/First 500/20260815_040013.jpg;photos/staging_first500/First 500/20260815_040028.jpg;photos/staging_first500/First 500/20260815_040044.jpg;photos/staging_first500/First 500/20260815_040057.jpg;photos/staging_first500/First 500/20260815_040222-EDIT.jpg;photos/staging_first500/First 500/20260815_040222.jpg;photos/staging_first500/First 500/20260815_040247-EDIT.jpg;photos/staging_first500/First 500/20260815_040247.jpg;photos/staging_first500/First 500/20260815_040312.jpg;photos/staging_first500/First 500/20260815_040324.jpg;photos/staging_first500/First 500/20260815_040429.jpg;photos/staging_first500/First 500/20260815_040512.jpg;photos/staging_first500/First 500/20260815_040520.jpg;photos/staging_first500/First 500/20260815_040545.jpg;photos/staging_first500/First 500/20260815_040551.jpg;photos/staging_first500/First 500/20260815_040710.jpg;photos/staging_first500/First 500/20260815_040722.jpg;photos/staging_first500/First 500/20260815_040727.jpg;photos/staging_first500/First 500/20260815_040737.jpg;photos/staging_first500/First 500/20260815_040740.jpg;photos/staging_first500/First 500/20260815_040754.jpg;photos/staging_first500/First 500/20260815_040817.jpg;photos/staging_first500/First 500/20260815_040826.jpg;photos/staging_first500/First 500/20260815_040838.jpg;photos/staging_first500/First 500/20260815_040901.jpg;photos/staging_first500/First 500/20260815_040933.jpg;photos/staging_first500/First 500/20260815_041005.jpg;photos/staging_first500/First 500/20260815_041023.jpg;photos/staging_first500/First 500/20260815_041052-EDIT.jpg;photos/staging_first500/First 500/20260815_041052.jpg;photos/staging_first500/First 500/20260815_041103.jpg;photos/staging_first500/First 500/20260815_041135.jpg;photos/staging_first500/First 500/20260815_041159.jpg;photos/staging_first500/First 500/20260815_041205-EDIT.jpg;photos/staging_first500/First 500/20260815_041205.jpg;photos/staging_first500/First 500/20260815_041214.jpg;photos/staging_first500/First 500/20260815_041226.jpg;photos/staging_first500/First 500/20260815_041231.jpg;photos/staging_first500/First 500/20260815_041239.jpg;photos/staging_first500/First 500/20260815_041254.jpg;photos/staging_first500/First 500/20260815_041305.jpg;photos/staging_first500/First 500/20260815_041311.jpg;photos/staging_first500/First 500/20260815_041348.jpg;photos/staging_first500/First 500/20260815_041406.jpg;photos/staging_first500/First 500/20260815_041429.jpg;photos/staging_first500/First 500/20260815_041435-EDIT.jpg;photos/staging_first500/First 500/20260815_041435.jpg;photos/staging_first500/First 500/20260815_041456.jpg;photos/staging_first500/First 500/20260815_041511.jpg;photos/staging_first500/First 500/20260815_041541.jpg;photos/staging_first500/First 500/20260815_041624.jpg;photos/staging_first500/First 500/20260815_041651-EDIT.jpg;photos/staging_first500/First 500/20260815_041651.jpg;photos/staging_first500/First 500/20260815_041730 (2).jpg;photos/staging_first500/First 500/20260815_041730-EDIT.jpg;photos/staging_first500/First 500/20260815_041740(1).jpg;photos/staging_first500/First 500/20260815_041834-EDIT.jpg;photos/staging_first500/First 500/20260815_041834.jpg;photos/staging_first500/First 500/20260815_041856-EDIT.jpg;photos/staging_first500/First 500/20260815_041856.jpg;photos/staging_first500/First 500/20260815_041911.jpg;photos/staging_first500/First 500/20260815_041920.jpg;photos/staging_first500/First 500/20260815_041933.jpg;photos/staging_first500/First 500/20260815_041940.jpg;photos/staging_first500/First 500/20260815_041956.jpg;photos/staging_first500/First 500/20260815_042002.jpg;photos/staging_first500/First 500/20260815_042020.jpg;photos/staging_first500/First 500/20260815_042026.jpg;photos/staging_first500/First 500/20260815_042035-EDIT.jpg;photos/staging_first500/First 500/20260815_042035.jpg;photos/staging_first500/First 500/20260815_042041.jpg;photos/staging_first500/First 500/20260815_042050.jpg;photos/staging_first500/First 500/20260815_042056.jpg;photos/staging_first500/First 500/20260815_042116-EDIT-EDIT.jpg;photos/staging_first500/First 500/20260815_042116.jpg;photos/staging_first500/First 500/20260815_042125-EDIT.jpg;photos/staging_first500/First 500/20260815_042125.jpg;photos/staging_first500/First 500/20260815_042132-EDIT.jpg;photos/staging_first500/First 500/20260815_042132.jpg;photos/staging_first500/First 500/20260815_042141.jpg;photos/staging_first500/First 500/20260815_042153.jpg;photos/staging_first500/First 500/20260815_042208-EDIT.jpg;photos/staging_first500/First 500/20260815_042208.jpg;photos/staging_first500/First 500/20260815_042215-EDIT.jpg;photos/staging_first500/First 500/20260815_042215.jpg;photos/staging_first500/First 500/20260815_042221.jpg;photos/staging_first500/First 500/20260815_042230(1).jpg;photos/staging_first500/First 500/20260815_042234.jpg;photos/staging_first500/First 500/20260815_042243.jpg;photos/staging_first500/First 500/20260815_042255-EDIT.jpg;photos/staging_first500/First 500/20260815_042255.jpg;photos/staging_first500/First 500/20260815_042306-EDIT.jpg;photos/staging_first500/First 500/20260815_042306.jpg;photos/staging_first500/First 500/20260815_042316-EDIT.jpg;photos/staging_first500/First 500/20260815_042316.jpg;photos/staging_first500/First 500/20260815_042323-EDIT.jpg;photos/staging_first500/First 500/20260815_042323.jpg;photos/staging_first500/First 500/20260815_042339.jpg;photos/staging_first500/First 500/20260815_042351-EDIT.jpg;photos/staging_first500/First 500/20260815_042351.jpg;photos/staging_first500/First 500/20260815_042404-EDIT.jpg;photos/staging_first500/First 500/20260815_042404.jpg;photos/staging_first500/First 500/20260815_042419-EDIT.jpg;photos/staging_first500/First 500/20260815_042419.jpg;photos/staging_first500/First 500/20260815_042449.jpg;photos/staging_first500/First 500/20260815_042602.jpg;photos/staging_first500/First 500/20260815_042616.jpg;photos/staging_first500/First 500/20260815_042633.jpg;photos/staging_first500/First 500/20260815_042702.jpg;photos/staging_first500/First 500/20260815_042717.jpg;photos/staging_first500/First 500/20260815_042730.jpg;photos/staging_first500/First 500/20260815_042741.jpg;photos/staging_first500/First 500/20260815_042757.jpg;photos/staging_first500/First 500/20260815_042806.jpg;photos/staging_first500/First 500/20260815_042823.jpg;photos/staging_first500/First 500/20260815_042829.jpg;photos/staging_first500/First 500/20260815_042856.jpg;photos/staging_first500/First 500/20260815_042903.jpg;photos/staging_first500/First 500/20260815_043024.jpg;photos/staging_first500/First 500/20260815_043145.jpg;photos/staging_first500/First 500/20260815_043227.jpg;photos/staging_first500/First 500/20260815_043243.jpg;photos/staging_first500/First 500/20260815_043336.jpg;photos/staging_first500/First 500/20260815_043601.jpg;photos/staging_first500/First 500/20260815_043620.jpg;photos/staging_first500/First 500/20260815_043640.jpg;photos/staging_first500/First 500/20260815_043659.jpg;photos/staging_first500/First 500/20260815_223141_001.jpg;photos/staging_first500/First 500/20260815_234225.jpg;photos/staging_first500/First 500/20260816_145254.jpg;photos/staging_first500/First 500/20260816_145914.jpg;photos/staging_first500/First 500/20260816_145926.jpg;photos/staging_first500/First 500/20260816_145938.jpg;photos/staging_first500/First 500/20260816_145947.jpg;photos/staging_first500/First 500/20260816_145953.jpg;photos/staging_first500/First 500/20260816_150002.jpg;photos/staging_first500/First 500/20260816_150010.jpg;photos/staging_first500/First 500/20260816_150018.jpg;photos/staging_first500/First 500/20260816_150030.jpg;photos/staging_first500/First 500/20260816_150041.jpg;photos/staging_first500/First 500/20260816_150157.jpg;photos/staging_first500/First 500/20260816_150237.jpg;photos/staging_first500/First 500/20260816_160542.jpg;photos/staging_first500/First 500/20260816_160744.jpg;photos/staging_first500/First 500/20260816_160933.jpg;photos/staging_first500/First 500/20260816_160945.jpg;photos/staging_first500/First 500/20260816_160951.jpg;photos/staging_first500/First 500/20260816_161002.jpg;photos/staging_first500/First 500/20260816_161037.jpg;photos/staging_first500/First 500/20260816_161059.jpg;photos/staging_first500/First 500/20260816_161103.jpg;photos/staging_first500/First 500/20260816_161116.jpg;photos/staging_first500/First 500/20260816_161136.jpg;photos/staging_first500/First 500/20260816_161140.jpg;photos/staging_first500/First 500/20260816_161146.jpg;photos/staging_first500/First 500/20260816_161544.jpg;photos/staging_first500/First 500/20260816_161628.jpg;photos/staging_first500/First 500/20260816_161648.jpg;photos/staging_first500/First 500/20260816_161651.jpg;photos/staging_first500/First 500/20260816_161816.jpg;photos/staging_first500/First 500/20260816_161819.jpg;photos/staging_first500/First 500/20260816_161831.jpg;photos/staging_first500/First 500/20260816_161844.jpg;photos/staging_first500/First 500/20260816_161918.jpg;photos/staging_first500/First 500/20260816_161928.jpg;photos/staging_first500/First 500/20260816_161941.jpg;photos/staging_first500/First 500/20260816_162018.jpg;photos/staging_first500/First 500/20260816_162030.jpg;photos/staging_first500/First 500/20260816_162313.jpg;photos/staging_first500/First 500/20260816_162318.jpg;photos/staging_first500/First 500/20260816_162343.jpg;photos/staging_first500/First 500/20260816_162357.jpg;photos/staging_first500/First 500/20260816_162359.jpg;photos/staging_first500/First 500/20260816_162411.jpg;photos/staging_first500/First 500/20260816_162417.jpg;photos/staging_first500/First 500/20260816_162451.jpg;photos/staging_first500/First 500/20260816_162502.jpg;photos/staging_first500/First 500/20260816_162509.jpg;photos/staging_first500/First 500/20260816_162511.jpg;photos/staging_first500/First 500/20260816_162522.jpg;photos/staging_first500/First 500/20260816_162546.jpg;photos/staging_first500/First 500/20260816_162548.jpg;photos/staging_first500/First 500/20260816_162554.jpg;photos/staging_first500/First 500/20260816_162601.jpg;photos/staging_first500/First 500/20260816_162646.jpg;photos/staging_first500/First 500/20260816_162655.jpg;photos/staging_first500/First 500/20260816_162819.jpg;photos/staging_first500/First 500/20260816_162825.jpg;photos/staging_first500/First 500/20260816_162832.jpg;photos/staging_first500/First 500/20260816_162835.jpg;photos/staging_first500/First 500/20260816_162837.jpg;photos/staging_first500/First 500/20260816_162849.jpg;photos/staging_first500/First 500/20260816_163125.jpg;photos/staging_first500/First 500/20260816_163135.jpg;photos/staging_first500/First 500/20260816_163139.jpg;photos/staging_first500/First 500/20260816_163146.jpg;photos/staging_first500/First 500/20260816_163150.jpg;photos/staging_first500/First 500/20260816_163214.jpg;photos/staging_first500/First 500/20260816_163217.jpg;photos/staging_first500/First 500/20260816_163219.jpg;photos/staging_first500/First 500/20260816_163221.jpg;photos/staging_first500/First 500/20260816_191715.jpg;photos/staging_first500/First 500/20260816_191754.jpg;photos/staging_first500/First 500/20260816_191820.jpg;photos/staging_first500/First 500/20260816_191834.jpg;photos/staging_first500/First 500/20260816_191844.jpg;photos/staging_first500/First 500/20260816_191907.jpg;photos/staging_first500/First 500/20260816_191913.jpg;photos/staging_first500/First 500/20260816_191924.jpg;photos/staging_first500/First 500/20260816_191936.jpg;photos/staging_first500/First 500/20260816_191942.jpg;photos/staging_first500/First 500/20260816_191947.jpg;photos/staging_first500/First 500/20260816_191951.jpg;photos/staging_first500/First 500/20260816_191958.jpg;photos/staging_first500/First 500/20260816_192002.jpg;photos/staging_first500/First 500/20260816_192007.jpg;photos/staging_first500/First 500/20260816_192020.jpg;photos/staging_first500/First 500/20260816_192032.jpg;photos/staging_first500/First 500/20260816_192034.jpg;photos/staging_first500/First 500/20260816_192044.jpg;photos/staging_first500/First 500/20260816_192051.jpg;photos/staging_first500/First 500/20260816_192107.jpg;photos/staging_first500/First 500/20260816_192118.jpg;photos/staging_first500/First 500/20260816_192124.jpg;photos/staging_first500/First 500/20260816_192131.jpg;photos/staging_first500/First 500/20260816_192144.jpg;photos/staging_first500/First 500/IMG_0027.PNG;photos/staging_first500/First 500/IMG_0030.PNG;photos/staging_first500/First 500/IMG_0031.JPG;photos/staging_first500/First 500/IMG_0032.PNG;photos/staging_first500/First 500/IMG_0033.JPG;photos/staging_first500/First 500/IMG_0034.JPG;photos/staging_first500/First 500/IMG_0035.JPG;photos/staging_first500/First 500/IMG_0036.JPG;photos/staging_first500/First 500/IMG_0037.JPG;photos/staging_first500/First 500/IMG_0038.JPG;photos/staging_first500/First 500/IMG_0141.JPG;photos/staging_first500/First 500/IMG_0142.JPG;photos/staging_first500/First 500/IMG_0143.JPG;photos/staging_first500/First 500/IMG_0144.JPG;photos/staging_first500/First 500/IMG_0145.JPG;photos/staging_first500/First 500/IMG_0146.JPG;photos/staging_first500/First 500/IMG_0147.JPG;photos/staging_first500/First 500/IMG_0148.JPG;photos/staging_first500/First 500/IMG_0149.JPG;photos/staging_first500/First 500/IMG_0150.JPG;photos/staging_first500/First 500/IMG_0151.JPG;photos/staging_first500/First 500/IMG_0152.JPG;photos/staging_first500/First 500/IMG_0051.JPG;photos/staging_first500/First 500/IMG_0052.JPG;photos/staging_first500/First 500/IMG_0056.JPG;photos/staging_first500/First 500/IMG_0057.JPG;photos/staging_first500/First 500/IMG_0058.JPG;photos/staging_first500/First 500/IMG_0059.JPG;photos/staging_first500/First 500/IMG_0060.JPG;photos/staging_first500/First 500/IMG_0061.JPG;photos/staging_first500/First 500/IMG_0062.JPG;photos/staging_first500/First 500/IMG_0063.JPG;photos/staging_first500/First 500/IMG_0090.JPG;photos/staging_first500/First 500/IMG_0091.JPG;photos/staging_first500/First 500/IMG_0093.JPG;photos/staging_first500/First 500/IMG_0094.JPG;photos/staging_first500/First 500/IMG_0095.JPG;photos/staging_first500/First 500/IMG_0096.JPG;photos/staging_first500/First 500/IMG_0097.JPG;photos/staging_first500/First 500/IMG_0098.PNG;photos/staging_first500/First 500/IMG_0099.PNG;photos/staging_first500/First 500/IMG_0100.PNG;photos/staging_first500/First 500/IMG_0101.PNG;photos/staging_first500/First 500/IMG_0102.PNG;photos/staging_first500/First 500/IMG_0103.PNG;photos/staging_first500/First 500/IMG_0104.PNG;photos/staging_first500/First 500/IMG_0111.JPG;photos/staging_first500/First 500/IMG_0112.JPG;photos/staging_first500/First 500/IMG_0113.JPG;photos/staging_first500/First 500/IMG_0115.JPG;photos/staging_first500/First 500/IMG_0116.JPG;photos/staging_first500/First 500/IMG_0117.JPG;photos/staging_first500/First 500/IMG_0118.JPG;photos/staging_first500/First 500/IMG_0119.JPG;photos/staging_first500/First 500/IMG_0120.JPG;photos/staging_first500/First 500/IMG_0121.JPG;photos/staging_first500/First 500/IMG_0131.JPG;photos/staging_first500/First 500/IMG_0154.JPG;photos/staging_first500/First 500/Messenger_creation_62393AEB-6B97-4899-AF49-1A151366AF7A.jpeg;photos/staging_first500/First 500/Screenshot_20260813_052859_Chrome.jpg;photos/staging_first500/First 500/Screenshot_20260815_233621_Google.jpg;photos/staging_first500/First 500/Screenshot_20260817_035352_Gallery.jpg;photos/takeout-032_20260903_042945.jpg;photos/takeout-036_20260907_151603.jpg;photos/takeout-038_20260908_165954.jpg;photos/takeout-039_20260912_190331.jpg;photos/takeout-040_20260912_193330.jpg;photos/takeout-041_20260912_193543.jpg;photos/takeout-042_20260913_140223.jpg;photos/takeout-043_img_20260909_165728762.jpg
