sheet,cell,filename
01,r1c1,first500-001.jpg
01,r1c2,first500-002.jpg
01,r1c3,first500-003.jpg
01,r1c4,first500-004.jpg
01,r1c5,first500-005.jpg
01,r1c6,first500-006.jpg
01,r1c7,first500-007.jpg
01,r1c8,first500-008.jpg
01,r2c1,first500-009.jpg
01,r2c2,first500-010.jpg
01,r2c3,first500-011.jpg
01,r2c4,first500-012.jpg
01,r2c5,first500-013.jpg
01,r2c6,first500-014.jpg
01,r2c7,first500-015.jpg
01,r2c8,first500-016.jpg
01,r3c1,first500-017.jpg
01,r3c2,first500-018.jpg
01,r3c3,first500-019.jpg
01,r3c4,first500-020.jpg
01,r3c5,first500-021.jpg
01,r3c6,first500-022.jpg
01,r3c7,first500-023.jpg
01,r3c8,first500-024.jpg
01,r4c1,first500-025.jpg
01,r4c2,first500-027.jpg
01,r4c3,first500-032.jpg
01,r4c4,first500-033.jpg
01,r4c5,first500-035.jpg
01,r4c6,first500-036.jpg
01,r4c7,first500-037.jpg
01,r4c8,first500-038.jpg
01,r5c1,first500-040.jpg
01,r5c2,first500-041.jpg
01,r5c3,first500-042.jpg
01,r5c4,first500-043.jpg
01,r5c5,first500-044.jpg
01,r5c6,first500-045.jpg
01,r5c7,first500-046.jpg
01,r5c8,first500-047.jpg
01,r6c1,first500-048.jpg
01,r6c2,first500-049.jpg
01,r6c3,first500-050.jpg
01,r6c4,first500-052.jpg
01,r6c5,first500-053.jpg
01,r6c6,first500-054.jpg
01,r6c7,first500-055.jpg
01,r6c8,first500-056.jpg
02,r1c1,first500-057.jpg
02,r1c2,first500-065.jpg
02,r1c3,first500-066.jpg
02,r1c4,first500-067.jpg
02,r1c5,first500-068.jpg
02,r1c6,first500-069.jpg
02,r1c7,first500-070.jpg
02,r1c8,first500-071.jpg
02,r2c1,first500-072.jpg
02,r2c2,first500-073.jpg
02,r2c3,first500-074.jpg
02,r2c4,first500-075.jpg
02,r2c5,first500-076.jpg
02,r2c6,first500-077.jpg
02,r2c7,first500-078.jpg
02,r2c8,first500-079.jpg
02,r3c1,first500-080.jpg
02,r3c2,first500-081.jpg
02,r3c3,first500-082.jpg
02,r3c4,first500-083.jpg
02,r3c5,first500-084.jpg
02,r3c6,first500-085.jpg
02,r3c7,first500-086.jpg
02,r3c8,first500-087.jpg
02,r4c1,first500-088.jpg
02,r4c2,first500-089.jpg
02,r4c3,first500-090.jpg
02,r4c4,first500-091.jpg
02,r4c5,first500-092.jpg
02,r4c6,first500-093.jpg
02,r4c7,first500-094.jpg
02,r4c8,first500-095.jpg
02,r5c1,first500-096.jpg
02,r5c2,first500-097.jpg
02,r5c3,first500-098.jpg
02,r5c4,first500-099.jpg
02,r5c5,first500-100.jpg
02,r5c6,first500-101.jpg
02,r5c7,first500-102.jpg
02,r5c8,first500-103.jpg
02,r6c1,first500-104.jpg
02,r6c2,first500-105.jpg
02,r6c3,first500-106.jpg
02,r6c4,first500-107.jpg
02,r6c5,first500-108.jpg
02,r6c6,first500-109.jpg
02,r6c7,first500-110.jpg
02,r6c8,first500-111.jpg
03,r1c1,first500-112.jpg
03,r1c2,first500-113.jpg
03,r1c3,first500-114.jpg
03,r1c4,first500-115.jpg
03,r1c5,first500-116.jpg
03,r1c6,first500-117.jpg
03,r1c7,first500-118.jpg
03,r1c8,first500-119.jpg
03,r2c1,first500-120.jpg
03,r2c2,first500-121.jpg
03,r2c3,first500-122.jpg
03,r2c4,first500-123.jpg
03,r2c5,first500-124.jpg
03,r2c6,first500-125.jpg
03,r2c7,first500-126.jpg
03,r2c8,first500-127.jpg
03,r3c1,first500-128.jpg
03,r3c2,first500-129.jpg
03,r3c3,first500-130.jpg
03,r3c4,first500-131.jpg
03,r3c5,first500-132.jpg
03,r3c6,first500-133.jpg
03,r3c7,first500-134.jpg
03,r3c8,first500-135.jpg
03,r4c1,first500-136.jpg
03,r4c2,first500-137.jpg
03,r4c3,first500-138.jpg
03,r4c4,first500-139.jpg
03,r4c5,first500-140.jpg
03,r4c6,first500-141.jpg
03,r4c7,first500-142.jpg
03,r4c8,first500-143.jpg
03,r5c1,first500-144.jpg
03,r5c2,first500-145.jpg
03,r5c3,first500-146.jpg
03,r5c4,first500-147.jpg
03,r5c5,first500-148.jpg
03,r5c6,first500-149.jpg
03,r5c7,first500-150.jpg
03,r5c8,first500-151.jpg
03,r6c1,first500-152.jpg
03,r6c2,first500-153.jpg
03,r6c3,first500-154.jpg
03,r6c4,first500-155.jpg
03,r6c5,first500-156.jpg
03,r6c6,first500-157.jpg
03,r6c7,first500-158.jpg
03,r6c8,first500-159.jpg
04,r1c1,first500-160.jpg
04,r1c2,first500-161.jpg
04,r1c3,first500-162.jpg
04,r1c4,first500-163.jpg
04,r1c5,first500-164.jpg
04,r1c6,first500-165.jpg
04,r1c7,first500-166.jpg
04,r1c8,first500-167.jpg
04,r2c1,first500-168.jpg
04,r2c2,first500-169.jpg
04,r2c3,first500-170.jpg
04,r2c4,first500-171.jpg
04,r2c5,first500-172.jpg
04,r2c6,first500-173.jpg
04,r2c7,first500-174.jpg
04,r2c8,first500-175.jpg
04,r3c1,first500-176.jpg
04,r3c2,first500-177.jpg
04,r3c3,first500-178.jpg
04,r3c4,first500-179.jpg
04,r3c5,first500-180.jpg
04,r3c6,first500-181.jpg
04,r3c7,first500-182.jpg
04,r3c8,first500-183.jpg
04,r4c1,first500-184.jpg
04,r4c2,first500-185.jpg
04,r4c3,first500-186.jpg
04,r4c4,first500-187.jpg
04,r4c5,first500-188.jpg
04,r4c6,first500-189.jpg
04,r4c7,first500-190.jpg
04,r4c8,first500-191.jpg
04,r5c1,first500-192.jpg
04,r5c2,first500-193.jpg
04,r5c3,first500-194.jpg
04,r5c4,first500-195.jpg
04,r5c5,first500-196.jpg
04,r5c6,first500-197.jpg
04,r5c7,first500-198.jpg
04,r5c8,first500-199.jpg
04,r6c1,first500-200.jpg
04,r6c2,first500-201.jpg
04,r6c3,first500-202.jpg
04,r6c4,first500-203.jpg
04,r6c5,first500-204.jpg
04,r6c6,first500-205.jpg
04,r6c7,first500-206.jpg
04,r6c8,first500-207.jpg
05,r1c1,first500-208.jpg
05,r1c2,first500-209.jpg
05,r1c3,first500-210.jpg
05,r1c4,first500-211.jpg
05,r1c5,first500-212.jpg
05,r1c6,first500-213.jpg
05,r1c7,first500-214.jpg
05,r1c8,first500-215.jpg
05,r2c1,first500-216.jpg
05,r2c2,first500-217.jpg
05,r2c3,first500-218.jpg
05,r2c4,first500-219.jpg
05,r2c5,first500-220.jpg
05,r2c6,first500-221.jpg
05,r2c7,first500-222.jpg
05,r2c8,first500-223.jpg
05,r3c1,first500-224.jpg
05,r3c2,first500-225.jpg
05,r3c3,first500-226.jpg
05,r3c4,first500-227.jpg
05,r3c5,first500-228.jpg
05,r3c6,first500-229.jpg
05,r3c7,first500-230.jpg
05,r3c8,first500-231.jpg
05,r4c1,first500-232.jpg
05,r4c2,first500-233.jpg
05,r4c3,first500-234.jpg
05,r4c4,first500-235.jpg
05,r4c5,first500-236.jpg
05,r4c6,first500-237.jpg
05,r4c7,first500-238.jpg
05,r4c8,first500-239.jpg
05,r5c1,first500-240.jpg
05,r5c2,first500-241.jpg
05,r5c3,first500-242.jpg
05,r5c4,first500-243.jpg
05,r5c5,first500-244.jpg
05,r5c6,first500-245.jpg
05,r5c7,first500-246.jpg
05,r5c8,first500-247.jpg
05,r6c1,first500-248.jpg
05,r6c2,first500-249.jpg
05,r6c3,first500-250.jpg
05,r6c4,first500-251.jpg
05,r6c5,first500-252.jpg
05,r6c6,first500-253.jpg
05,r6c7,first500-254.jpg
05,r6c8,first500-255.jpg
06,r1c1,first500-256.jpg
06,r1c2,first500-257.jpg
06,r1c3,first500-258.jpg
06,r1c4,first500-259.jpg
06,r1c5,first500-260.jpg
06,r1c6,first500-261.jpg
06,r1c7,first500-262.jpg
06,r1c8,first500-263.jpg
06,r2c1,first500-264.jpg
06,r2c2,first500-265.jpg
06,r2c3,first500-266.jpg
06,r2c4,first500-267.jpg
06,r2c5,first500-268.jpg
06,r2c6,first500-269.jpg
06,r2c7,first500-270.jpg
06,r2c8,first500-271.jpg
06,r3c1,first500-272.jpg
06,r3c2,first500-273.jpg
06,r3c3,first500-274.jpg
06,r3c4,first500-275.jpg
06,r3c5,first500-276.jpg
06,r3c6,first500-277.jpg
06,r3c7,first500-278.jpg
06,r3c8,first500-279.jpg
06,r4c1,first500-280.jpg
06,r4c2,first500-281.jpg
06,r4c3,first500-282.jpg
06,r4c4,first500-283.jpg
06,r4c5,first500-284.jpg
06,r4c6,first500-285.jpg
06,r4c7,first500-286.jpg
06,r4c8,first500-287.jpg
06,r5c1,first500-288.jpg
06,r5c2,first500-289.jpg
06,r5c3,first500-290.jpg
06,r5c4,first500-291.jpg
06,r5c5,first500-292.jpg
06,r5c6,first500-293.jpg
06,r5c7,first500-294.jpg
06,r5c8,first500-295.jpg
06,r6c1,first500-296.jpg
06,r6c2,first500-297.jpg
06,r6c3,first500-298.jpg
06,r6c4,first500-299.jpg
06,r6c5,first500-300.jpg
06,r6c6,first500-301.jpg
06,r6c7,first500-302.jpg
06,r6c8,first500-303.jpg
07,r1c1,first500-304.jpg
07,r1c2,first500-305.jpg
07,r1c3,first500-306.jpg
07,r1c4,first500-307.jpg
07,r1c5,first500-308.jpg
07,r1c6,first500-309.jpg
07,r1c7,first500-310.jpg
07,r1c8,first500-311.jpg
07,r2c1,first500-312.jpg
07,r2c2,first500-313.jpg
07,r2c3,first500-314.jpg
07,r2c4,first500-315.jpg
07,r2c5,first500-316.jpg
07,r2c6,first500-317.jpg
07,r2c7,first500-318.jpg
07,r2c8,first500-319.jpg
07,r3c1,first500-320.jpg
07,r3c2,first500-321.jpg
07,r3c3,first500-322.jpg
07,r3c4,first500-323.jpg
07,r3c5,first500-324.jpg
07,r3c6,first500-325.jpg
07,r3c7,first500-326.jpg
07,r3c8,first500-327.jpg
07,r4c1,first500-328.jpg
07,r4c2,first500-329.jpg
07,r4c3,first500-330.jpg
07,r4c4,first500-331.jpg
07,r4c5,first500-332.jpg
07,r4c6,first500-333.jpg
07,r4c7,first500-334.jpg
07,r4c8,first500-335.jpg
07,r5c1,first500-336.jpg
07,r5c2,first500-337.jpg
07,r5c3,first500-338.jpg
07,r5c4,first500-339.jpg
07,r5c5,first500-340.jpg
07,r5c6,first500-341.jpg
07,r5c7,first500-342.jpg
07,r5c8,first500-343.jpg
07,r6c1,first500-344.jpg
07,r6c2,first500-345.jpg
07,r6c3,first500-346.jpg
07,r6c4,first500-348.jpg
07,r6c5,first500-349.jpg
07,r6c6,first500-350.jpg
07,r6c7,first500-351.jpg
07,r6c8,first500-352.jpg
08,r1c1,first500-353.jpg
08,r1c2,first500-354.jpg
08,r1c3,first500-355.jpg
08,r1c4,first500-356.jpg
08,r1c5,first500-359.jpg
08,r1c6,first500-360.jpg
08,r1c7,first500-361.jpg
08,r1c8,first500-362.jpg
08,r2c1,first500-363.jpg
08,r2c2,first500-364.jpg
08,r2c3,first500-365.jpg
08,r2c4,first500-366.jpg
08,r2c5,first500-367.jpg
08,r2c6,first500-368.jpg
08,r2c7,first500-369.jpg
08,r2c8,first500-370.jpg
08,r3c1,first500-371.jpg
08,r3c2,first500-372.jpg
08,r3c3,first500-373.jpg
08,r3c4,first500-374.jpg
08,r3c5,first500-375.jpg
08,r3c6,first500-376.jpg
08,r3c7,first500-377.jpg
08,r3c8,first500-378.jpg
08,r4c1,first500-379.jpg
08,r4c2,first500-380.jpg
08,r4c3,first500-381.jpg
08,r4c4,first500-382.jpg
08,r4c5,first500-383.jpg
08,r4c6,first500-384.png
08,r4c7,first500-385.png
08,r4c8,first500-386.png
08,r5c1,first500-387.jpg
08,r5c2,first500-388.png
08,r5c3,first500-389.jpg
08,r5c4,first500-390.jpg
08,r5c5,first500-391.jpg
08,r5c6,first500-392.jpg
08,r5c7,first500-393.jpg
08,r5c8,first500-394.jpg
08,r6c1,first500-395.jpg
08,r6c2,first500-396.jpg
08,r6c3,first500-397.jpg
08,r6c4,first500-398.jpg
08,r6c5,first500-399.jpg
08,r6c6,first500-400.jpg
08,r6c7,first500-401.jpg
08,r6c8,first500-402.jpg
09,r1c1,first500-403.jpg
09,r1c2,first500-404.jpg
09,r1c3,first500-405.jpg
09,r1c4,first500-406.jpg
09,r1c5,first500-407.jpg
09,r1c6,first500-408.jpg
09,r1c7,first500-409.png
09,r1c8,first500-410.png
09,r2c1,first500-411.png
09,r2c2,first500-412.jpg
09,r2c3,first500-413.jpg
09,r2c4,first500-414.jpg
09,r2c5,first500-415.jpg
09,r2c6,first500-416.jpg
09,r2c7,first500-417.jpg
09,r2c8,first500-418.jpg
09,r3c1,first500-419.jpg
09,r3c2,first500-420.jpg
09,r3c3,first500-421.jpg
09,r3c4,first500-422.jpg
09,r3c5,first500-423.jpg
09,r3c6,first500-424.jpg
09,r3c7,first500-425.jpg
09,r3c8,first500-426.jpg
09,r4c1,first500-427.jpg
09,r4c2,first500-428.png
09,r4c3,first500-429.png
09,r4c4,first500-430.png
09,r4c5,first500-431.png
09,r4c6,first500-432.png
09,r4c7,first500-433.png
09,r4c8,first500-434.png
09,r5c1,first500-435.png
09,r5c2,first500-436.png
09,r5c3,first500-437.png
09,r5c4,first500-438.png
09,r5c5,first500-439.png
09,r5c6,first500-440.png
09,r5c7,first500-441.jpg
09,r5c8,first500-442.jpg
09,r6c1,first500-443.jpg
09,r6c2,first500-444.jpg
09,r6c3,first500-445.jpg
09,r6c4,first500-446.jpg
09,r6c5,first500-447.jpg
09,r6c6,first500-448.jpg
09,r6c7,first500-449.jpg
09,r6c8,first500-450.jpg
10,r1c1,first500-451.jpg
10,r1c2,first500-452.jpg
10,r1c3,first500-453.jpg
10,r1c4,first500-454.jpg
10,r1c5,first500-455.jpg
10,r1c6,first500-456.jpg
10,r1c7,first500-457.jpg
10,r1c8,first500-458.jpg
10,r2c1,first500-459.jpg
10,r2c2,first500-460.jpg
10,r2c3,first500-461.jpg
10,r2c4,first500-462.jpg
10,r2c5,first500-463.jpg
10,r2c6,first500-464.jpg
10,r2c7,first500-465.jpg
10,r2c8,first500-466.jpg
10,r3c1,first500-467.jpg
10,r3c2,first500-468.jpg
10,r3c3,first500-469.jpg
10,r3c4,first500-470.jpg
10,r3c5,first500-471.jpg
10,r3c6,first500-472.jpg
10,r3c7,first500-473.jpg
10,r3c8,first500-474.jpg
10,r4c1,first500-475.jpg
10,r4c2,first500-476.jpg
10,r4c3,first500-477.jpg
10,r4c4,first500-478.jpg
10,r4c5,first500-479.jpg
10,r4c6,first500-480.jpg
10,r4c7,first500-481.jpg
10,r4c8,first500-482.jpeg
10,r5c1,first500-483.jpeg
10,r5c2,first500-484.jpeg
10,r5c3,first500-485.jpeg
10,r5c4,first500-486.jpg
10,r5c5,first500-487.jpg
10,r5c6,first500-488.jpg
10,r5c7,first500-489.jpg
10,r5c8,first500-490.jpg
10,r6c1,first500-491.jpg
10,r6c2,first500-492.jpg
10,r6c3,first500-493.jpg
10,r6c4,first500-494.jpg
10,r6c5,first500-495.jpg
10,r6c6,first500-496.jpg
10,r6c7,first500-497.jpg
