kept_file,dropped_file,hamming,note
photos/staging_first500/First 500/20260813_044332.jpg,photos/staging_first500/First 500/20260813_044332-EDIT.jpg,6,replaced-by-larger
photos/staging_first500/First 500/20260815_012333.jpg,photos/staging_first500/First 500/20260815_012235.jpg,1,replaced-by-larger
photos/staging_first500/First 500/20260815_035435-EDIT-EDIT-EDIT.jpg,photos/staging_first500/First 500/20260815_035435-EDIT-EDIT.jpg,2,dropped-smaller
photos/staging_first500/First 500/20260815_035435-EDIT-EDIT-EDIT.jpg,photos/staging_first500/First 500/20260815_035435-EDIT.jpg,8,dropped-smaller
photos/staging_first500/First 500/20260815_035527.jpg,photos/staging_first500/First 500/20260815_035527-EDIT.jpg,6,replaced-by-larger
photos/staging_first500/First 500/20260815_035612.jpg,photos/staging_first500/First 500/20260815_035612-EDIT.jpg,8,replaced-by-larger
photos/staging_first500/First 500/20260815_035625-EDIT-EDIT-EDIT.jpg,photos/staging_first500/First 500/20260815_035625-EDIT-EDIT.jpg,0,dropped-smaller
photos/staging_first500/First 500/20260815_035644.jpg,photos/staging_first500/First 500/20260815_035644-EDIT.jpg,5,replaced-by-larger
photos/staging_first500/First 500/20260815_035814.jpg,photos/staging_first500/First 500/20260815_035814(1).jpg,0,replaced-by-larger
photos/staging_first500/First 500/20260815_035924.jpg,photos/staging_first500/First 500/20260815_035924(1).jpg,0,replaced-by-larger
photos/staging_first500/First 500/20260815_041103.jpg,photos/staging_first500/First 500/20260815_041103-EDIT.jpg,7,replaced-by-larger
photos/staging_first500/First 500/20260815_041305.jpg,photos/staging_first500/First 500/20260815_041305(1).jpg,0,replaced-by-larger
photos/staging_first500/First 500/20260815_041311.jpg,photos/staging_first500/First 500/20260815_041311-EDIT.jpg,8,replaced-by-larger
photos/staging_first500/First 500/20260815_041730 (2).jpg,photos/staging_first500/First 500/20260815_041730.jpg,0,dropped-smaller
photos/staging_first500/First 500/20260815_041740(1).jpg,photos/staging_first500/First 500/20260815_041740.jpg,0,dropped-smaller
photos/staging_first500/First 500/20260815_041940.jpg,photos/staging_first500/First 500/20260815_041940-EDIT.jpg,8,replaced-by-larger
photos/staging_first500/First 500/20260815_042116.jpg,photos/staging_first500/First 500/20260815_042116-EDIT.jpg,7,replaced-by-larger
photos/staging_first500/First 500/20260815_042141.jpg,photos/staging_first500/First 500/20260815_042141-EDIT.jpg,8,replaced-by-larger
photos/staging_first500/First 500/20260815_042153.jpg,photos/staging_first500/First 500/20260815_042153-EDIT.jpg,3,replaced-by-larger
photos/staging_first500/First 500/20260815_042221.jpg,photos/staging_first500/First 500/20260815_042221(1).jpg,0,replaced-by-larger
photos/staging_first500/First 500/20260815_042230(1).jpg,photos/staging_first500/First 500/20260815_042230.jpg,0,dropped-smaller
photos/staging_first500/First 500/20260815_042234.jpg,photos/staging_first500/First 500/20260815_042234 (1).jpg,0,replaced-by-larger
photos/staging_first500/First 500/20260815_042243.jpg,photos/staging_first500/First 500/20260815_042243-EDIT.jpg,5,replaced-by-larger
photos/staging_first500/First 500/20260815_043659.jpg,photos/staging_first500/First 500/20260815_043659(1).jpg,0,replaced-by-larger
photos/staging_first500/First 500/IMG_0031.JPG,photos/staging_first500/First 500/IMG_0133.JPG,0,dropped-smaller
photos/staging_first500/First 500/IMG_0033.JPG,photos/staging_first500/First 500/IMG_0135.JPG,0,dropped-smaller
photos/staging_first500/First 500/IMG_0034.JPG,photos/staging_first500/First 500/IMG_0136.JPG,0,dropped-smaller
photos/staging_first500/First 500/IMG_0035.JPG,photos/staging_first500/First 500/IMG_0137.JPG,0,dropped-smaller
photos/staging_first500/First 500/IMG_0036.JPG,photos/staging_first500/First 500/IMG_0138.JPG,0,dropped-smaller
photos/staging_first500/First 500/IMG_0037.JPG,photos/staging_first500/First 500/IMG_0139.JPG,0,dropped-smaller
photos/staging_first500/First 500/IMG_0038.JPG,photos/staging_first500/First 500/IMG_0140.JPG,0,dropped-smaller
photos/staging_first500/First 500/IMG_0141.JPG,photos/staging_first500/First 500/IMG_0039.JPG,0,replaced-by-larger
photos/staging_first500/First 500/IMG_0142.JPG,photos/staging_first500/First 500/IMG_0040.JPG,0,replaced-by-larger
photos/staging_first500/First 500/IMG_0143.JPG,photos/staging_first500/First 500/IMG_0041.JPG,0,replaced-by-larger
photos/staging_first500/First 500/IMG_0144.JPG,photos/staging_first500/First 500/IMG_0042.JPG,0,replaced-by-larger
photos/staging_first500/First 500/IMG_0145.JPG,photos/staging_first500/First 500/IMG_0043.JPG,0,replaced-by-larger
photos/staging_first500/First 500/IMG_0146.JPG,photos/staging_first500/First 500/IMG_0044.JPG,0,replaced-by-larger
photos/staging_first500/First 500/IMG_0147.JPG,photos/staging_first500/First 500/IMG_0045.JPG,0,replaced-by-larger
photos/staging_first500/First 500/IMG_0148.JPG,photos/staging_first500/First 500/IMG_0046.JPG,0,replaced-by-larger
photos/staging_first500/First 500/IMG_0149.JPG,photos/staging_first500/First 500/IMG_0047.JPG,0,replaced-by-larger
photos/staging_first500/First 500/IMG_0150.JPG,photos/staging_first500/First 500/IMG_0048.JPG,0,replaced-by-larger
photos/staging_first500/First 500/IMG_0151.JPG,photos/staging_first500/First 500/IMG_0049.JPG,0,replaced-by-larger
photos/staging_first500/First 500/IMG_0152.JPG,photos/staging_first500/First 500/IMG_0050.JPG,0,replaced-by-larger
photos/staging_first500/First 500/IMG_0051.JPG,photos/staging_first500/First 500/IMG_0153.JPG,0,dropped-smaller
photos/staging_first500/First 500/IMG_0056.JPG,photos/staging_first500/First 500/IMG_0158.JPG,0,dropped-smaller
photos/staging_first500/First 500/IMG_0057.JPG,photos/staging_first500/First 500/IMG_0159.JPG,0,dropped-smaller
photos/staging_first500/First 500/IMG_0058.JPG,photos/staging_first500/First 500/IMG_0160.JPG,0,dropped-smaller
photos/staging_first500/First 500/IMG_0059.JPG,photos/staging_first500/First 500/IMG_0161.JPG,0,dropped-smaller
photos/staging_first500/First 500/IMG_0060.JPG,photos/staging_first500/First 500/IMG_0162.JPG,0,dropped-smaller
photos/staging_first500/First 500/IMG_0061.JPG,photos/staging_first500/First 500/IMG_0163.JPG,0,dropped-smaller
photos/staging_first500/First 500/IMG_0062.JPG,photos/staging_first500/First 500/IMG_0164.JPG,0,dropped-smaller
photos/staging_first500/First 500/IMG_0063.JPG,photos/staging_first500/First 500/IMG_0165.JPG,0,dropped-smaller
photos/2026-09-04_takeout-017_microscope-screen-blurry.jpg,photos/takeout-033_20260904_150258.jpg,0,dropped-smaller
photos/2026-09-06_takeout-018_d-reverse-dark-bg.jpg,photos/takeout-034_20260906_043732.jpg,0,dropped-smaller
photos/2026-09-07_takeout-019_d-reverse-dark-bg.jpg,photos/takeout-035_20260907_132644.jpg,0,dropped-smaller
photos/2026-09-08_takeout-021_monitor-closeup-25c-area.jpg,photos/takeout-037_20260908_165738.jpg,0,dropped-smaller
photos/2026-09-09_takeout-028_d-reverse-purple-light.jpg,photos/takeout-044_img_20260909_165903946.jpg,0,dropped-smaller
photos/staging_first500/First 500/IMG_0116.JPG,photos/takeout-045_img_0116.jpg,0,dropped-smaller
