filename,folder,date,description
2026-09-13_phantom-larose-001_hand-closeup-arrows.jpg,photos,2026-09-13,Close-up of hand on coin with red arrows marking small die dots near finger
2026-09-13_phantom-larose-002_die-chip-arrows.jpg,photos,2026-09-13,Close-up with red arrows pointing to die chip / raised metal near hand
2026-09-13_phantom-larose-003_hand-detail-multi-arrows.jpg,photos,2026-09-13,Hand detail with multiple red arrows and circled areas showing die anomalies
2026-09-13_phantom-larose-004_die1-markers-reference.jpg,photos,2026-09-13,Reference screenshot listing Die-1 markers: Mosquito Bite / Splenter / Ant Bite (May 9)
2026-09-13_phantom-larose-005_doubling-red-lines.jpg,photos,2026-09-13,Close-up with red lines indicating possible doubling along the drapery line
2026-09-13_phantom-larose-006_closeup-dots.jpg,photos,2026-09-13,Close-up showing small raised dots on the coin surface near the hand
2025-04-10_phantom-larose-007_wide-231851.jpg,photos,2025-04-10,Wider view of hand/coin detail stamped 2025/04/10 23:18:51
2025-04-10_phantom-larose-008_wide-231848.jpg,photos,2025-04-10,Wider view of hand/coin detail stamped 2025/04/10 23:18:48
2025-04-10_phantom-larose-009_wide-141509.jpg,photos,2025-04-10,Opposite side hand detail stamped 2025/04/10 14:15:09
2025-04-10_phantom-larose-010_wide-141456.jpg,photos,2025-04-10,Opposite side hand detail stamped 2025/04/10 14:14:56
die-1-marker-comparison-sheet.pdf,documents,2026-09-13,Side-by-side comparison sheet of all 10 Die-1 marker photos + notes page
2026-09-16_phantom-larose-011_reverse-united-arrows.jpg,photos,2026-09-16,Reverse close-up near UNITED STATES lettering with red arrows at rim markers
2026-09-16_phantom-larose-012_reverse-full-golden.jpg,photos,2026-09-16,Full reverse view of Mayflower ship quarter (golden tone) - original coin
2026-04-29_phantom-larose-013_reverse-sail-closeup.jpg,photos,2026-04-29,Reverse sail close-up near UNI lettering (photo date 2026-04-29) - early crack stage
2026-05-04_phantom-larose-014_reverse-crack-closeup.jpg,photos,2026-05-04,Die crack close-up near mast/letter (photo date 2026-05-04) - middle crack stage
2026-09-16_phantom-larose-015_reverse-d-mint.jpg,photos,2026-09-16,Reverse view showing D mint mark - second coin confirming markers
2026-07-08_phantom-larose-016_microscope-crack-arrows.jpg,photos,2026-07-08,Microscope view of developed crack with red arrows (stamped 08-Jul-2026) - late stage
2026-09-04_takeout-017_microscope-screen-blurry.jpg,photos,2026-09-04,Blurry photo of microscope/camera screen (IMG03412); coin detail not discernible
2026-09-06_takeout-018_d-reverse-dark-bg.jpg,photos,2026-09-06,Album page: Mayflower quarters in mislabeled slots (subagent correction 2026-09-16)
2026-09-07_takeout-019_d-reverse-dark-bg.jpg,photos,2026-09-07,D-mint reverse full coin on dark background; normal strike
2026-09-07_takeout-020_d-reverse-purple-light.jpg,photos,2026-09-07,D-mint reverse full coin under purple light; normal strike
2026-09-08_takeout-021_monitor-closeup-25c-area.jpg,photos,2026-09-08,Photo of monitor showing magnified reverse detail near 25c/sail area; moire limits evaluation
2026-09-11_takeout-022_d-reverse-maroon-fabric.jpg,photos,2026-09-11,Monitor/screen photo of obverse close-up with moire; non-diagnostic (subagent correction 2026-09-16)
2026-09-12_takeout-023_d-reverse-maroon-fabric.jpg,photos,2026-09-12,D-mint reverse full coin on maroon fabric; normal strike
2026-09-12_takeout-024_d-reverse-purple-light.jpg,photos,2026-09-12,D-mint reverse full coin under purple light on dark background; normal strike
2026-09-14_takeout-025_d-reverse-coin-holder.jpg,photos,2026-09-14,D-mint reverse full coin in black circular holder; normal strike
2026-05-06_takeout-026_multi-coin-group-shot.jpg,photos,2026-05-06,Group shot of 6-7 Mayflower quarter reverses on black velvet (TCL 10 Pro)
2026-05-13_takeout-027_macro-bow-d-mintmark.jpg,photos,2026-05-13,"Macro of reverse bow area: D mint mark, waves, MAYFLOWER lettering; clean, no clash/strikethrough"
2026-09-09_takeout-028_d-reverse-purple-light.jpg,photos,2026-09-09,D-mint reverse full coin under purple light; normal strike
2026-09-09_takeout-029_d-reverse-purple-light.jpg,photos,2026-09-09,D-mint reverse full coin under purple light; normal strike
2026-05-09_takeout-030_sale-listing-draft-300-coin-set.jpg,documents,2026-05-09,Screenshot: Perplexity draft listing for 300-coin single-die progression set (early/mid/late die stages)
2026-09-08_takeout-031_die-clash-transfer-analyzer.jpg,documents,2026-09-08,Screenshot: Die Clash & Transfer Analyzer tool overlaying inverted obverse on reverse with Shear Zone marker
photos/takeout-032_20260903_042945.jpg,photos,2026-09-03,"D-mint reverse full coin under purple light, dark background; normal strike [description rewritten 2026-09-16 after index rebuild; original wording lost]"
photos/takeout-033_20260904_150258.jpg,photos,2026-09-04,"Microscope screen photo (4170/4184 IMG03412), blurry pinkish macro; low detail [description rewritten 2026-09-16 after index rebuild; original wording lost]"
photos/takeout-034_20260906_043732.jpg,photos,2026-09-06,Album page with 4 coins labeled Pennsylvania-D and Delaware-D; multi-coin page [description rewritten 2026-09-16 after index rebuild; original wording lost]
photos/takeout-035_20260907_132644.jpg,photos,2026-09-07,"Reverse full coin on dark background, golden tone; normal strike [description rewritten 2026-09-16 after index rebuild; original wording lost]"
photos/takeout-036_20260907_151603.jpg,photos,2026-09-07,"Reverse full coin on dark background, purple tint; normal strike [description rewritten 2026-09-16 after index rebuild; original wording lost]"
photos/takeout-037_20260908_165738.jpg,photos,2026-09-08,"Reverse full coin under purple light, dark background; normal strike [description rewritten 2026-09-16 after index rebuild; original wording lost]"
photos/takeout-038_20260908_165954.jpg,photos,2026-09-08,Reverse full coin under purple light (Galaxy A23 5G watermark); normal strike [description rewritten 2026-09-16 after index rebuild; original wording lost]
photos/takeout-039_20260912_190331.jpg,photos,2026-09-12,"Reverse on dark fabric, golden tone; normal strike [description rewritten 2026-09-16 after index rebuild; original wording lost]"
photos/takeout-040_20260912_193330.jpg,photos,2026-09-12,Coin in 2x2 flip with handwritten label; holdered coin [description rewritten 2026-09-16 after index rebuild; original wording lost]
photos/takeout-041_20260912_193543.jpg,photos,2026-09-12,"Reverse full coin on dark background, purple tint; normal strike [description rewritten 2026-09-16 after index rebuild; original wording lost]"
photos/takeout-042_20260913_140223.jpg,photos,2026-09-13,"Reverse in round capsule on black foam, yellow sticker; encapsulated coin [description rewritten 2026-09-16 after index rebuild; original wording lost]"
photos/takeout-043_img_20260909_165728762.jpg,photos,2026-09-09,Reverse close-up under purple light; normal strike [description rewritten 2026-09-16 after index rebuild; original wording lost]
photos/takeout-044_img_20260909_165903946.jpg,photos,2026-09-09,Reverse close-up under purple light; normal strike [description rewritten 2026-09-16 after index rebuild; original wording lost]
photos/takeout-045_img_0116.jpg,photos,2026-09-16,Reverse macro of sails/mast under normal light; sail detail [description rewritten 2026-09-16 after index rebuild; original wording lost]
video/2026-09-16_threads-003_die-progression-video.mp4,video,2026-09-16,Playable 2.27 MB Threads video: die progression (duck head to full phantom per user sequence)
photos/first500/first500-001.jpg,photos/first500,2026-08-13/17,First 500 album import (Google Photos download 2026-09-16); original name: 20260813_044332-EDIT.jpg
photos/first500/first500-002.jpg,photos/first500,2026-08-13/17,First 500 album import (Google Photos download 2026-09-16); original name: 20260813_044332.jpg
photos/first500/first500-003.jpg,photos/first500,2026-08-13/17,First 500 album import (Google Photos download 2026-09-16); original name: 20260813_120856.jpg
photos/first500/first500-004.jpg,photos/first500,2026-08-13/17,First 500 album import (Google Photos download 2026-09-16); original name: 20260813_120906.jpg
photos/first500/first500-005.jpg,photos/first500,2026-08-13/17,First 500 album import (Google Photos download 2026-09-16); original name: 20260813_120915.jpg
photos/first500/first500-006.jpg,photos/first500,2026-08-13/17,First 500 album import (Google Photos download 2026-09-16); original name: 20260813_120927.jpg
photos/first500/first500-007.jpg,photos/first500,2026-08-13/17,First 500 album import (Google Photos download 2026-09-16); original name: 20260813_120930.jpg
photos/first500/first500-008.jpg,photos/first500,2026-08-13/17,First 500 album import (Google Photos download 2026-09-16); original name: 20260813_120933.jpg
photos/first500/first500-009.jpg,photos/first500,2026-08-13/17,First 500 album import (Google Photos download 2026-09-16); original name: 20260813_120935.jpg
photos/first500/first500-010.jpg,photos/first500,2026-08-13/17,First 500 album import (Google Photos download 2026-09-16); original name: 20260813_120938.jpg
photos/first500/first500-011.jpg,photos/first500,2026-08-13/17,First 500 album import (Google Photos download 2026-09-16); original name: 20260813_120940.jpg
photos/first500/first500-012.jpg,photos/first500,2026-08-13/17,First 500 album import (Google Photos download 2026-09-16); original name: 20260813_120949.jpg
photos/first500/first500-013.jpg,photos/first500,2026-08-13/17,First 500 album import (Google Photos download 2026-09-16); original name: 20260813_120951.jpg
photos/first500/first500-014.jpg,photos/first500,2026-08-13/17,First 500 album import (Google Photos download 2026-09-16); original name: 20260813_120952.jpg
photos/first500/first500-015.jpg,photos/first500,2026-08-13/17,First 500 album import (Google Photos download 2026-09-16); original name: 20260813_120954.jpg
photos/first500/first500-016.jpg,photos/first500,2026-08-13/17,First 500 album import (Google Photos download 2026-09-16); original name: 20260813_120956.jpg
photos/first500/first500-017.jpg,photos/first500,2026-08-13/17,First 500 album import (Google Photos download 2026-09-16); original name: 20260813_120958.jpg
photos/first500/first500-018.jpg,photos/first500,2026-08-13/17,First 500 album import (Google Photos download 2026-09-16); original name: 20260813_225337.jpg
photos/first500/first500-019.jpg,photos/first500,2026-08-13/17,First 500 album import (Google Photos download 2026-09-16); original name: 20260813_225419.jpg
photos/first500/first500-020.jpg,photos/first500,2026-08-13/17,First 500 album import (Google Photos download 2026-09-16); original name: 20260813_225431.jpg
photos/first500/first500-021.jpg,photos/first500,2026-08-13/17,First 500 album import (Google Photos download 2026-09-16); original name: 20260813_225445.jpg
photos/first500/first500-022.jpg,photos/first500,2026-08-13/17,First 500 album import (Google Photos download 2026-09-16); original name: 20260813_225459.jpg
photos/first500/first500-023.jpg,photos/first500,2026-08-13/17,First 500 album import (Google Photos download 2026-09-16); original name: 20260813_225610.jpg
photos/first500/first500-024.jpg,photos/first500,2026-08-13/17,First 500 album import (Google Photos download 2026-09-16); original name: 20260813_225621.jpg
photos/first500/first500-025.jpg,photos/first500,2026-08-13/17,First 500 album import (Google Photos download 2026-09-16); original name: 20260813_225627.jpg
photos/first500/first500-026.mp4,photos/first500,2026-08-13/17,First 500 album import (Google Photos download 2026-09-16); original name: 20260815_010614.mp4
photos/first500/first500-027.jpg,photos/first500,2026-08-13/17,First 500 album import (Google Photos download 2026-09-16); original name: 20260815_010930.jpg
photos/first500/first500-028.mp4,photos/first500,2026-08-13/17,First 500 album import (Google Photos download 2026-09-16); original name: 20260815_010950.mp4
photos/first500/first500-029.mp4,photos/first500,2026-08-13/17,First 500 album import (Google Photos download 2026-09-16); original name: 20260815_011034.mp4
photos/first500/first500-030.mp4,photos/first500,2026-08-13/17,First 500 album import (Google Photos download 2026-09-16); original name: 20260815_011204.mp4
photos/first500/first500-031.mp4,photos/first500,2026-08-13/17,First 500 album import (Google Photos download 2026-09-16); original name: 20260815_011219.mp4
photos/first500/first500-032.jpg,photos/first500,2026-08-13/17,First 500 album import (Google Photos download 2026-09-16); original name: 20260815_011643-EDIT.jpg
photos/first500/first500-033.jpg,photos/first500,2026-08-13/17,First 500 album import (Google Photos download 2026-09-16); original name: 20260815_011643.jpg
photos/first500/first500-034.mp4,photos/first500,2026-08-13/17,First 500 album import (Google Photos download 2026-09-16); original name: 20260815_012218.mp4
photos/first500/first500-035.jpg,photos/first500,2026-08-13/17,First 500 album import (Google Photos download 2026-09-16); original name: 20260815_012235-EDIT.jpg
photos/first500/first500-036.jpg,photos/first500,2026-08-13/17,First 500 album import (Google Photos download 2026-09-16); original name: 20260815_012235.jpg
photos/first500/first500-037.jpg,photos/first500,2026-08-13/17,First 500 album import (Google Photos download 2026-09-16); original name: 20260815_012333.jpg
photos/first500/first500-038.jpg,photos/first500,2026-08-13/17,First 500 album import (Google Photos download 2026-09-16); original name: 20260815_013046.jpg
photos/first500/first500-039.mp4,photos/first500,2026-08-13/17,First 500 album import (Google Photos download 2026-09-16); original name: 20260815_013124.mp4
photos/first500/first500-040.jpg,photos/first500,2026-08-13/17,First 500 album import (Google Photos download 2026-09-16); original name: 20260815_013232.jpg
photos/first500/first500-041.jpg,photos/first500,2026-08-13/17,First 500 album import (Google Photos download 2026-09-16); original name: 20260815_013234.jpg
photos/first500/first500-042.jpg,photos/first500,2026-08-13/17,First 500 album import (Google Photos download 2026-09-16); original name: 20260815_023030-EDIT.jpg
photos/first500/first500-043.jpg,photos/first500,2026-08-13/17,First 500 album import (Google Photos download 2026-09-16); original name: 20260815_023030.jpg
photos/first500/first500-044.jpg,photos/first500,2026-08-13/17,First 500 album import (Google Photos download 2026-09-16); original name: 20260815_023057-EDIT.jpg
photos/first500/first500-045.jpg,photos/first500,2026-08-13/17,First 500 album import (Google Photos download 2026-09-16); original name: 20260815_023057.jpg
photos/first500/first500-046.jpg,photos/first500,2026-08-13/17,First 500 album import (Google Photos download 2026-09-16); original name: 20260815_023103-EDIT-EDIT.jpg
photos/first500/first500-047.jpg,photos/first500,2026-08-13/17,First 500 album import (Google Photos download 2026-09-16); original name: 20260815_023103-EDIT.jpg
photos/first500/first500-048.jpg,photos/first500,2026-08-13/17,First 500 album import (Google Photos download 2026-09-16); original name: 20260815_023103.jpg
photos/first500/first500-049.jpg,photos/first500,2026-08-13/17,First 500 album import (Google Photos download 2026-09-16); original name: 20260815_023135-EDIT.jpg
photos/first500/first500-050.jpg,photos/first500,2026-08-13/17,First 500 album import (Google Photos download 2026-09-16); original name: 20260815_023135.jpg
photos/first500/first500-051.mp4,photos/first500,2026-08-13/17,First 500 album import (Google Photos download 2026-09-16); original name: 20260815_023428.mp4
photos/first500/first500-052.jpg,photos/first500,2026-08-13/17,First 500 album import (Google Photos download 2026-09-16); original name: 20260815_023457 (1)-EDIT-EDIT.jpg
photos/first500/first500-053.jpg,photos/first500,2026-08-13/17,First 500 album import (Google Photos download 2026-09-16); original name: 20260815_023457 (1)-EDIT.jpg
photos/first500/first500-054.jpg,photos/first500,2026-08-13/17,First 500 album import (Google Photos download 2026-09-16); original name: 20260815_023457 (1).jpg
photos/first500/first500-055.jpg,photos/first500,2026-08-13/17,First 500 album import (Google Photos download 2026-09-16); original name: 20260815_023457.jpg
photos/first500/first500-056.jpg,photos/first500,2026-08-13/17,First 500 album import (Google Photos download 2026-09-16); original name: 20260815_023459-EDIT.jpg
photos/first500/first500-057.jpg,photos/first500,2026-08-13/17,First 500 album import (Google Photos download 2026-09-16); original name: 20260815_023459.jpg
photos/first500/first500-058.mp4,photos/first500,2026-08-13/17,First 500 album import (Google Photos download 2026-09-16); original name: 20260815_024241.mp4
photos/first500/first500-059.mp4,photos/first500,2026-08-13/17,First 500 album import (Google Photos download 2026-09-16); original name: 20260815_024539.mp4
photos/first500/first500-060.mp4,photos/first500,2026-08-13/17,First 500 album import (Google Photos download 2026-09-16); original name: 20260815_024710.mp4
photos/first500/first500-061.mp4,photos/first500,2026-08-13/17,First 500 album import (Google Photos download 2026-09-16); original name: 20260815_024906.mp4
photos/first500/first500-062.mp4,photos/first500,2026-08-13/17,First 500 album import (Google Photos download 2026-09-16); original name: 20260815_030753.mp4
photos/first500/first500-063.mp4,photos/first500,2026-08-13/17,First 500 album import (Google Photos download 2026-09-16); original name: 20260815_030809.mp4
photos/first500/first500-064.mp4,photos/first500,2026-08-13/17,First 500 album import (Google Photos download 2026-09-16); original name: 20260815_031349.mp4
photos/first500/first500-065.jpg,photos/first500,2026-08-13/17,First 500 album import (Google Photos download 2026-09-16); original name: 20260815_034740.jpg
photos/first500/first500-066.jpg,photos/first500,2026-08-13/17,First 500 album import (Google Photos download 2026-09-16); original name: 20260815_034845.jpg
photos/first500/first500-067.jpg,photos/first500,2026-08-13/17,First 500 album import (Google Photos download 2026-09-16); original name: 20260815_034910.jpg
photos/first500/first500-068.jpg,photos/first500,2026-08-13/17,First 500 album import (Google Photos download 2026-09-16); original name: 20260815_035008.jpg
photos/first500/first500-069.jpg,photos/first500,2026-08-13/17,First 500 album import (Google Photos download 2026-09-16); original name: 20260815_035027.jpg
photos/first500/first500-070.jpg,photos/first500,2026-08-13/17,First 500 album import (Google Photos download 2026-09-16); original name: 20260815_035046.jpg
photos/first500/first500-071.jpg,photos/first500,2026-08-13/17,First 500 album import (Google Photos download 2026-09-16); original name: 20260815_035107.jpg
photos/first500/first500-072.jpg,photos/first500,2026-08-13/17,First 500 album import (Google Photos download 2026-09-16); original name: 20260815_035127.jpg
photos/first500/first500-073.jpg,photos/first500,2026-08-13/17,First 500 album import (Google Photos download 2026-09-16); original name: 20260815_035141.jpg
photos/first500/first500-074.jpg,photos/first500,2026-08-13/17,First 500 album import (Google Photos download 2026-09-16); original name: 20260815_035218.jpg
photos/first500/first500-075.jpg,photos/first500,2026-08-13/17,First 500 album import (Google Photos download 2026-09-16); original name: 20260815_035241.jpg
photos/first500/first500-076.jpg,photos/first500,2026-08-13/17,First 500 album import (Google Photos download 2026-09-16); original name: 20260815_035303.jpg
photos/first500/first500-077.jpg,photos/first500,2026-08-13/17,First 500 album import (Google Photos download 2026-09-16); original name: 20260815_035347.jpg
photos/first500/first500-078.jpg,photos/first500,2026-08-13/17,First 500 album import (Google Photos download 2026-09-16); original name: 20260815_035407-EDIT.jpg
photos/first500/first500-079.jpg,photos/first500,2026-08-13/17,First 500 album import (Google Photos download 2026-09-16); original name: 20260815_035407.jpg
photos/first500/first500-080.jpg,photos/first500,2026-08-13/17,First 500 album import (Google Photos download 2026-09-16); original name: 20260815_035425-EDIT.jpg
photos/first500/first500-081.jpg,photos/first500,2026-08-13/17,First 500 album import (Google Photos download 2026-09-16); original name: 20260815_035425.jpg
photos/first500/first500-082.jpg,photos/first500,2026-08-13/17,First 500 album import (Google Photos download 2026-09-16); original name: 20260815_035435-EDIT-EDIT-EDIT.jpg
photos/first500/first500-083.jpg,photos/first500,2026-08-13/17,First 500 album import (Google Photos download 2026-09-16); original name: 20260815_035435-EDIT-EDIT.jpg
photos/first500/first500-084.jpg,photos/first500,2026-08-13/17,First 500 album import (Google Photos download 2026-09-16); original name: 20260815_035435-EDIT.jpg
photos/first500/first500-085.jpg,photos/first500,2026-08-13/17,First 500 album import (Google Photos download 2026-09-16); original name: 20260815_035435.jpg
photos/first500/first500-086.jpg,photos/first500,2026-08-13/17,First 500 album import (Google Photos download 2026-09-16); original name: 20260815_035457-EDIT.jpg
photos/first500/first500-087.jpg,photos/first500,2026-08-13/17,First 500 album import (Google Photos download 2026-09-16); original name: 20260815_035457.jpg
photos/first500/first500-088.jpg,photos/first500,2026-08-13/17,First 500 album import (Google Photos download 2026-09-16); original name: 20260815_035511.jpg
photos/first500/first500-089.jpg,photos/first500,2026-08-13/17,First 500 album import (Google Photos download 2026-09-16); original name: 20260815_035527-EDIT-EDIT.jpg
photos/first500/first500-090.jpg,photos/first500,2026-08-13/17,First 500 album import (Google Photos download 2026-09-16); original name: 20260815_035527-EDIT.jpg
photos/first500/first500-091.jpg,photos/first500,2026-08-13/17,First 500 album import (Google Photos download 2026-09-16); original name: 20260815_035527.jpg
photos/first500/first500-092.jpg,photos/first500,2026-08-13/17,First 500 album import (Google Photos download 2026-09-16); original name: 20260815_035550-EDIT.jpg
photos/first500/first500-093.jpg,photos/first500,2026-08-13/17,First 500 album import (Google Photos download 2026-09-16); original name: 20260815_035550.jpg
photos/first500/first500-094.jpg,photos/first500,2026-08-13/17,First 500 album import (Google Photos download 2026-09-16); original name: 20260815_035612-EDIT-EDIT-EDIT.jpg
photos/first500/first500-095.jpg,photos/first500,2026-08-13/17,First 500 album import (Google Photos download 2026-09-16); original name: 20260815_035612-EDIT.jpg
photos/first500/first500-096.jpg,photos/first500,2026-08-13/17,First 500 album import (Google Photos download 2026-09-16); original name: 20260815_035612.jpg
photos/first500/first500-097.jpg,photos/first500,2026-08-13/17,First 500 album import (Google Photos download 2026-09-16); original name: 20260815_035625-EDIT-EDIT-EDIT.jpg
photos/first500/first500-098.jpg,photos/first500,2026-08-13/17,First 500 album import (Google Photos download 2026-09-16); original name: 20260815_035625-EDIT-EDIT.jpg
photos/first500/first500-099.jpg,photos/first500,2026-08-13/17,First 500 album import (Google Photos download 2026-09-16); original name: 20260815_035625-EDIT.jpg
photos/first500/first500-100.jpg,photos/first500,2026-08-13/17,First 500 album import (Google Photos download 2026-09-16); original name: 20260815_035625.jpg
photos/first500/first500-101.jpg,photos/first500,2026-08-13/17,First 500 album import (Google Photos download 2026-09-16); original name: 20260815_035644-EDIT-EDIT.jpg
photos/first500/first500-102.jpg,photos/first500,2026-08-13/17,First 500 album import (Google Photos download 2026-09-16); original name: 20260815_035644-EDIT.jpg
photos/first500/first500-103.jpg,photos/first500,2026-08-13/17,First 500 album import (Google Photos download 2026-09-16); original name: 20260815_035644.jpg
photos/first500/first500-104.jpg,photos/first500,2026-08-13/17,First 500 album import (Google Photos download 2026-09-16); original name: 20260815_035700-EDIT-EDIT.jpg
photos/first500/first500-105.jpg,photos/first500,2026-08-13/17,First 500 album import (Google Photos download 2026-09-16); original name: 20260815_035700-EDIT.jpg
photos/first500/first500-106.jpg,photos/first500,2026-08-13/17,First 500 album import (Google Photos download 2026-09-16); original name: 20260815_035700.jpg
photos/first500/first500-107.jpg,photos/first500,2026-08-13/17,First 500 album import (Google Photos download 2026-09-16); original name: 20260815_035737.jpg
photos/first500/first500-108.jpg,photos/first500,2026-08-13/17,First 500 album import (Google Photos download 2026-09-16); original name: 20260815_035755-EDIT-EDIT.jpg
photos/first500/first500-109.jpg,photos/first500,2026-08-13/17,First 500 album import (Google Photos download 2026-09-16); original name: 20260815_035755-EDIT.jpg
photos/first500/first500-110.jpg,photos/first500,2026-08-13/17,First 500 album import (Google Photos download 2026-09-16); original name: 20260815_035755.jpg
photos/first500/first500-111.jpg,photos/first500,2026-08-13/17,First 500 album import (Google Photos download 2026-09-16); original name: 20260815_035814(1).jpg
photos/first500/first500-112.jpg,photos/first500,2026-08-13/17,First 500 album import (Google Photos download 2026-09-16); original name: 20260815_035814.jpg
photos/first500/first500-113.jpg,photos/first500,2026-08-13/17,First 500 album import (Google Photos download 2026-09-16); original name: 20260815_035838-EDIT.jpg
photos/first500/first500-114.jpg,photos/first500,2026-08-13/17,First 500 album import (Google Photos download 2026-09-16); original name: 20260815_035838.jpg
photos/first500/first500-115.jpg,photos/first500,2026-08-13/17,First 500 album import (Google Photos download 2026-09-16); original name: 20260815_035901.jpg
photos/first500/first500-116.jpg,photos/first500,2026-08-13/17,First 500 album import (Google Photos download 2026-09-16); original name: 20260815_035908.jpg
photos/first500/first500-117.jpg,photos/first500,2026-08-13/17,First 500 album import (Google Photos download 2026-09-16); original name: 20260815_035916.jpg
photos/first500/first500-118.jpg,photos/first500,2026-08-13/17,First 500 album import (Google Photos download 2026-09-16); original name: 20260815_035924(1).jpg
photos/first500/first500-119.jpg,photos/first500,2026-08-13/17,First 500 album import (Google Photos download 2026-09-16); original name: 20260815_035924.jpg
photos/first500/first500-120.jpg,photos/first500,2026-08-13/17,First 500 album import (Google Photos download 2026-09-16); original name: 20260815_035947.jpg
photos/first500/first500-121.jpg,photos/first500,2026-08-13/17,First 500 album import (Google Photos download 2026-09-16); original name: 20260815_040002.jpg
photos/first500/first500-122.jpg,photos/first500,2026-08-13/17,First 500 album import (Google Photos download 2026-09-16); original name: 20260815_040013.jpg
photos/first500/first500-123.jpg,photos/first500,2026-08-13/17,First 500 album import (Google Photos download 2026-09-16); original name: 20260815_040028.jpg
photos/first500/first500-124.jpg,photos/first500,2026-08-13/17,First 500 album import (Google Photos download 2026-09-16); original name: 20260815_040044.jpg
photos/first500/first500-125.jpg,photos/first500,2026-08-13/17,First 500 album import (Google Photos download 2026-09-16); original name: 20260815_040057.jpg
photos/first500/first500-126.jpg,photos/first500,2026-08-13/17,First 500 album import (Google Photos download 2026-09-16); original name: 20260815_040222-EDIT.jpg
photos/first500/first500-127.jpg,photos/first500,2026-08-13/17,First 500 album import (Google Photos download 2026-09-16); original name: 20260815_040222.jpg
photos/first500/first500-128.jpg,photos/first500,2026-08-13/17,First 500 album import (Google Photos download 2026-09-16); original name: 20260815_040247-EDIT.jpg
photos/first500/first500-129.jpg,photos/first500,2026-08-13/17,First 500 album import (Google Photos download 2026-09-16); original name: 20260815_040247.jpg
photos/first500/first500-130.jpg,photos/first500,2026-08-13/17,First 500 album import (Google Photos download 2026-09-16); original name: 20260815_040312.jpg
photos/first500/first500-131.jpg,photos/first500,2026-08-13/17,First 500 album import (Google Photos download 2026-09-16); original name: 20260815_040324.jpg
photos/first500/first500-132.jpg,photos/first500,2026-08-13/17,First 500 album import (Google Photos download 2026-09-16); original name: 20260815_040429.jpg
photos/first500/first500-133.jpg,photos/first500,2026-08-13/17,First 500 album import (Google Photos download 2026-09-16); original name: 20260815_040512.jpg
photos/first500/first500-134.jpg,photos/first500,2026-08-13/17,First 500 album import (Google Photos download 2026-09-16); original name: 20260815_040520.jpg
photos/first500/first500-135.jpg,photos/first500,2026-08-13/17,First 500 album import (Google Photos download 2026-09-16); original name: 20260815_040545.jpg
photos/first500/first500-136.jpg,photos/first500,2026-08-13/17,First 500 album import (Google Photos download 2026-09-16); original name: 20260815_040551.jpg
photos/first500/first500-137.jpg,photos/first500,2026-08-13/17,First 500 album import (Google Photos download 2026-09-16); original name: 20260815_040710.jpg
photos/first500/first500-138.jpg,photos/first500,2026-08-13/17,First 500 album import (Google Photos download 2026-09-16); original name: 20260815_040722.jpg
photos/first500/first500-139.jpg,photos/first500,2026-08-13/17,First 500 album import (Google Photos download 2026-09-16); original name: 20260815_040727.jpg
photos/first500/first500-140.jpg,photos/first500,2026-08-13/17,First 500 album import (Google Photos download 2026-09-16); original name: 20260815_040737.jpg
photos/first500/first500-141.jpg,photos/first500,2026-08-13/17,First 500 album import (Google Photos download 2026-09-16); original name: 20260815_040740.jpg
photos/first500/first500-142.jpg,photos/first500,2026-08-13/17,First 500 album import (Google Photos download 2026-09-16); original name: 20260815_040754.jpg
photos/first500/first500-143.jpg,photos/first500,2026-08-13/17,First 500 album import (Google Photos download 2026-09-16); original name: 20260815_040817.jpg
photos/first500/first500-144.jpg,photos/first500,2026-08-13/17,First 500 album import (Google Photos download 2026-09-16); original name: 20260815_040826.jpg
photos/first500/first500-145.jpg,photos/first500,2026-08-13/17,First 500 album import (Google Photos download 2026-09-16); original name: 20260815_040838.jpg
photos/first500/first500-146.jpg,photos/first500,2026-08-13/17,First 500 album import (Google Photos download 2026-09-16); original name: 20260815_040901.jpg
photos/first500/first500-147.jpg,photos/first500,2026-08-13/17,First 500 album import (Google Photos download 2026-09-16); original name: 20260815_040913.jpg
photos/first500/first500-148.jpg,photos/first500,2026-08-13/17,First 500 album import (Google Photos download 2026-09-16); original name: 20260815_040921.jpg
photos/first500/first500-149.jpg,photos/first500,2026-08-13/17,First 500 album import (Google Photos download 2026-09-16); original name: 20260815_040933.jpg
photos/first500/first500-150.jpg,photos/first500,2026-08-13/17,First 500 album import (Google Photos download 2026-09-16); original name: 20260815_041005.jpg
photos/first500/first500-151.jpg,photos/first500,2026-08-13/17,First 500 album import (Google Photos download 2026-09-16); original name: 20260815_041023.jpg
photos/first500/first500-152.jpg,photos/first500,2026-08-13/17,First 500 album import (Google Photos download 2026-09-16); original name: 20260815_041052-EDIT.jpg
photos/first500/first500-153.jpg,photos/first500,2026-08-13/17,First 500 album import (Google Photos download 2026-09-16); original name: 20260815_041052.jpg
photos/first500/first500-154.jpg,photos/first500,2026-08-13/17,First 500 album import (Google Photos download 2026-09-16); original name: 20260815_041103-EDIT.jpg
photos/first500/first500-155.jpg,photos/first500,2026-08-13/17,First 500 album import (Google Photos download 2026-09-16); original name: 20260815_041103.jpg
photos/first500/first500-156.jpg,photos/first500,2026-08-13/17,First 500 album import (Google Photos download 2026-09-16); original name: 20260815_041135.jpg
photos/first500/first500-157.jpg,photos/first500,2026-08-13/17,First 500 album import (Google Photos download 2026-09-16); original name: 20260815_041147.jpg
photos/first500/first500-158.jpg,photos/first500,2026-08-13/17,First 500 album import (Google Photos download 2026-09-16); original name: 20260815_041159.jpg
photos/first500/first500-159.jpg,photos/first500,2026-08-13/17,First 500 album import (Google Photos download 2026-09-16); original name: 20260815_041205-EDIT.jpg
photos/first500/first500-160.jpg,photos/first500,2026-08-13/17,First 500 album import (Google Photos download 2026-09-16); original name: 20260815_041205.jpg
photos/first500/first500-161.jpg,photos/first500,2026-08-13/17,First 500 album import (Google Photos download 2026-09-16); original name: 20260815_041214.jpg
photos/first500/first500-162.jpg,photos/first500,2026-08-13/17,First 500 album import (Google Photos download 2026-09-16); original name: 20260815_041226.jpg
photos/first500/first500-163.jpg,photos/first500,2026-08-13/17,First 500 album import (Google Photos download 2026-09-16); original name: 20260815_041231.jpg
photos/first500/first500-164.jpg,photos/first500,2026-08-13/17,First 500 album import (Google Photos download 2026-09-16); original name: 20260815_041239.jpg
photos/first500/first500-165.jpg,photos/first500,2026-08-13/17,First 500 album import (Google Photos download 2026-09-16); original name: 20260815_041254.jpg
photos/first500/first500-166.jpg,photos/first500,2026-08-13/17,First 500 album import (Google Photos download 2026-09-16); original name: 20260815_041305(1).jpg
photos/first500/first500-167.jpg,photos/first500,2026-08-13/17,First 500 album import (Google Photos download 2026-09-16); original name: 20260815_041305.jpg
photos/first500/first500-168.jpg,photos/first500,2026-08-13/17,First 500 album import (Google Photos download 2026-09-16); original name: 20260815_041311-EDIT.jpg
photos/first500/first500-169.jpg,photos/first500,2026-08-13/17,First 500 album import (Google Photos download 2026-09-16); original name: 20260815_041311.jpg
photos/first500/first500-170.jpg,photos/first500,2026-08-13/17,First 500 album import (Google Photos download 2026-09-16); original name: 20260815_041348.jpg
photos/first500/first500-171.jpg,photos/first500,2026-08-13/17,First 500 album import (Google Photos download 2026-09-16); original name: 20260815_041406.jpg
photos/first500/first500-172.jpg,photos/first500,2026-08-13/17,First 500 album import (Google Photos download 2026-09-16); original name: 20260815_041429.jpg
photos/first500/first500-173.jpg,photos/first500,2026-08-13/17,First 500 album import (Google Photos download 2026-09-16); original name: 20260815_041435-EDIT.jpg
photos/first500/first500-174.jpg,photos/first500,2026-08-13/17,First 500 album import (Google Photos download 2026-09-16); original name: 20260815_041435.jpg
photos/first500/first500-175.jpg,photos/first500,2026-08-13/17,First 500 album import (Google Photos download 2026-09-16); original name: 20260815_041456.jpg
photos/first500/first500-176.jpg,photos/first500,2026-08-13/17,First 500 album import (Google Photos download 2026-09-16); original name: 20260815_041511.jpg
photos/first500/first500-177.jpg,photos/first500,2026-08-13/17,First 500 album import (Google Photos download 2026-09-16); original name: 20260815_041541.jpg
photos/first500/first500-178.jpg,photos/first500,2026-08-13/17,First 500 album import (Google Photos download 2026-09-16); original name: 20260815_041624.jpg
photos/first500/first500-179.jpg,photos/first500,2026-08-13/17,First 500 album import (Google Photos download 2026-09-16); original name: 20260815_041651-EDIT.jpg
photos/first500/first500-180.jpg,photos/first500,2026-08-13/17,First 500 album import (Google Photos download 2026-09-16); original name: 20260815_041651.jpg
photos/first500/first500-181.jpg,photos/first500,2026-08-13/17,First 500 album import (Google Photos download 2026-09-16); original name: 20260815_041730 (2).jpg
photos/first500/first500-182.jpg,photos/first500,2026-08-13/17,First 500 album import (Google Photos download 2026-09-16); original name: 20260815_041730-EDIT.jpg
photos/first500/first500-183.jpg,photos/first500,2026-08-13/17,First 500 album import (Google Photos download 2026-09-16); original name: 20260815_041730.jpg
photos/first500/first500-184.jpg,photos/first500,2026-08-13/17,First 500 album import (Google Photos download 2026-09-16); original name: 20260815_041740(1).jpg
photos/first500/first500-185.jpg,photos/first500,2026-08-13/17,First 500 album import (Google Photos download 2026-09-16); original name: 20260815_041740.jpg
photos/first500/first500-186.jpg,photos/first500,2026-08-13/17,First 500 album import (Google Photos download 2026-09-16); original name: 20260815_041834-EDIT.jpg
photos/first500/first500-187.jpg,photos/first500,2026-08-13/17,First 500 album import (Google Photos download 2026-09-16); original name: 20260815_041834.jpg
photos/first500/first500-188.jpg,photos/first500,2026-08-13/17,First 500 album import (Google Photos download 2026-09-16); original name: 20260815_041856-EDIT.jpg
photos/first500/first500-189.jpg,photos/first500,2026-08-13/17,First 500 album import (Google Photos download 2026-09-16); original name: 20260815_041856.jpg
photos/first500/first500-190.jpg,photos/first500,2026-08-13/17,First 500 album import (Google Photos download 2026-09-16); original name: 20260815_041911.jpg
photos/first500/first500-191.jpg,photos/first500,2026-08-13/17,First 500 album import (Google Photos download 2026-09-16); original name: 20260815_041920.jpg
photos/first500/first500-192.jpg,photos/first500,2026-08-13/17,First 500 album import (Google Photos download 2026-09-16); original name: 20260815_041933.jpg
photos/first500/first500-193.jpg,photos/first500,2026-08-13/17,First 500 album import (Google Photos download 2026-09-16); original name: 20260815_041940-EDIT.jpg
photos/first500/first500-194.jpg,photos/first500,2026-08-13/17,First 500 album import (Google Photos download 2026-09-16); original name: 20260815_041940.jpg
photos/first500/first500-195.jpg,photos/first500,2026-08-13/17,First 500 album import (Google Photos download 2026-09-16); original name: 20260815_041956.jpg
photos/first500/first500-196.jpg,photos/first500,2026-08-13/17,First 500 album import (Google Photos download 2026-09-16); original name: 20260815_042002.jpg
photos/first500/first500-197.jpg,photos/first500,2026-08-13/17,First 500 album import (Google Photos download 2026-09-16); original name: 20260815_042020.jpg
photos/first500/first500-198.jpg,photos/first500,2026-08-13/17,First 500 album import (Google Photos download 2026-09-16); original name: 20260815_042026.jpg
photos/first500/first500-199.jpg,photos/first500,2026-08-13/17,First 500 album import (Google Photos download 2026-09-16); original name: 20260815_042035-EDIT.jpg
photos/first500/first500-200.jpg,photos/first500,2026-08-13/17,First 500 album import (Google Photos download 2026-09-16); original name: 20260815_042035.jpg
photos/first500/first500-201.jpg,photos/first500,2026-08-13/17,First 500 album import (Google Photos download 2026-09-16); original name: 20260815_042041.jpg
photos/first500/first500-202.jpg,photos/first500,2026-08-13/17,First 500 album import (Google Photos download 2026-09-16); original name: 20260815_042050.jpg
photos/first500/first500-203.jpg,photos/first500,2026-08-13/17,First 500 album import (Google Photos download 2026-09-16); original name: 20260815_042056.jpg
photos/first500/first500-204.jpg,photos/first500,2026-08-13/17,First 500 album import (Google Photos download 2026-09-16); original name: 20260815_042116-EDIT-EDIT.jpg
photos/first500/first500-205.jpg,photos/first500,2026-08-13/17,First 500 album import (Google Photos download 2026-09-16); original name: 20260815_042116-EDIT.jpg
photos/first500/first500-206.jpg,photos/first500,2026-08-13/17,First 500 album import (Google Photos download 2026-09-16); original name: 20260815_042116.jpg
photos/first500/first500-207.jpg,photos/first500,2026-08-13/17,First 500 album import (Google Photos download 2026-09-16); original name: 20260815_042125-EDIT.jpg
photos/first500/first500-208.jpg,photos/first500,2026-08-13/17,First 500 album import (Google Photos download 2026-09-16); original name: 20260815_042125.jpg
photos/first500/first500-209.jpg,photos/first500,2026-08-13/17,First 500 album import (Google Photos download 2026-09-16); original name: 20260815_042132-EDIT.jpg
photos/first500/first500-210.jpg,photos/first500,2026-08-13/17,First 500 album import (Google Photos download 2026-09-16); original name: 20260815_042132.jpg
photos/first500/first500-211.jpg,photos/first500,2026-08-13/17,First 500 album import (Google Photos download 2026-09-16); original name: 20260815_042141-EDIT.jpg
photos/first500/first500-212.jpg,photos/first500,2026-08-13/17,First 500 album import (Google Photos download 2026-09-16); original name: 20260815_042141.jpg
photos/first500/first500-213.jpg,photos/first500,2026-08-13/17,First 500 album import (Google Photos download 2026-09-16); original name: 20260815_042153-EDIT.jpg
photos/first500/first500-214.jpg,photos/first500,2026-08-13/17,First 500 album import (Google Photos download 2026-09-16); original name: 20260815_042153.jpg
photos/first500/first500-215.jpg,photos/first500,2026-08-13/17,First 500 album import (Google Photos download 2026-09-16); original name: 20260815_042208-EDIT.jpg
photos/first500/first500-216.jpg,photos/first500,2026-08-13/17,First 500 album import (Google Photos download 2026-09-16); original name: 20260815_042208.jpg
photos/first500/first500-217.jpg,photos/first500,2026-08-13/17,First 500 album import (Google Photos download 2026-09-16); original name: 20260815_042215-EDIT.jpg
photos/first500/first500-218.jpg,photos/first500,2026-08-13/17,First 500 album import (Google Photos download 2026-09-16); original name: 20260815_042215.jpg
photos/first500/first500-219.jpg,photos/first500,2026-08-13/17,First 500 album import (Google Photos download 2026-09-16); original name: 20260815_042221(1).jpg
photos/first500/first500-220.jpg,photos/first500,2026-08-13/17,First 500 album import (Google Photos download 2026-09-16); original name: 20260815_042221.jpg
photos/first500/first500-221.jpg,photos/first500,2026-08-13/17,First 500 album import (Google Photos download 2026-09-16); original name: 20260815_042230(1).jpg
photos/first500/first500-222.jpg,photos/first500,2026-08-13/17,First 500 album import (Google Photos download 2026-09-16); original name: 20260815_042230.jpg
photos/first500/first500-223.jpg,photos/first500,2026-08-13/17,First 500 album import (Google Photos download 2026-09-16); original name: 20260815_042234 (1).jpg
photos/first500/first500-224.jpg,photos/first500,2026-08-13/17,First 500 album import (Google Photos download 2026-09-16); original name: 20260815_042234.jpg
photos/first500/first500-225.jpg,photos/first500,2026-08-13/17,First 500 album import (Google Photos download 2026-09-16); original name: 20260815_042243-EDIT.jpg
photos/first500/first500-226.jpg,photos/first500,2026-08-13/17,First 500 album import (Google Photos download 2026-09-16); original name: 20260815_042243.jpg
photos/first500/first500-227.jpg,photos/first500,2026-08-13/17,First 500 album import (Google Photos download 2026-09-16); original name: 20260815_042255-EDIT.jpg
photos/first500/first500-228.jpg,photos/first500,2026-08-13/17,First 500 album import (Google Photos download 2026-09-16); original name: 20260815_042255.jpg
photos/first500/first500-229.jpg,photos/first500,2026-08-13/17,First 500 album import (Google Photos download 2026-09-16); original name: 20260815_042306-EDIT.jpg
photos/first500/first500-230.jpg,photos/first500,2026-08-13/17,First 500 album import (Google Photos download 2026-09-16); original name: 20260815_042306.jpg
photos/first500/first500-231.jpg,photos/first500,2026-08-13/17,First 500 album import (Google Photos download 2026-09-16); original name: 20260815_042316-EDIT.jpg
photos/first500/first500-232.jpg,photos/first500,2026-08-13/17,First 500 album import (Google Photos download 2026-09-16); original name: 20260815_042316.jpg
photos/first500/first500-233.jpg,photos/first500,2026-08-13/17,First 500 album import (Google Photos download 2026-09-16); original name: 20260815_042323-EDIT.jpg
photos/first500/first500-234.jpg,photos/first500,2026-08-13/17,First 500 album import (Google Photos download 2026-09-16); original name: 20260815_042323.jpg
photos/first500/first500-235.jpg,photos/first500,2026-08-13/17,First 500 album import (Google Photos download 2026-09-16); original name: 20260815_042339.jpg
photos/first500/first500-236.jpg,photos/first500,2026-08-13/17,First 500 album import (Google Photos download 2026-09-16); original name: 20260815_042351-EDIT.jpg
photos/first500/first500-237.jpg,photos/first500,2026-08-13/17,First 500 album import (Google Photos download 2026-09-16); original name: 20260815_042351.jpg
photos/first500/first500-238.jpg,photos/first500,2026-08-13/17,First 500 album import (Google Photos download 2026-09-16); original name: 20260815_042404-EDIT.jpg
photos/first500/first500-239.jpg,photos/first500,2026-08-13/17,First 500 album import (Google Photos download 2026-09-16); original name: 20260815_042404.jpg
photos/first500/first500-240.jpg,photos/first500,2026-08-13/17,First 500 album import (Google Photos download 2026-09-16); original name: 20260815_042419-EDIT.jpg
photos/first500/first500-241.jpg,photos/first500,2026-08-13/17,First 500 album import (Google Photos download 2026-09-16); original name: 20260815_042419.jpg
photos/first500/first500-242.jpg,photos/first500,2026-08-13/17,First 500 album import (Google Photos download 2026-09-16); original name: 20260815_042449.jpg
photos/first500/first500-243.jpg,photos/first500,2026-08-13/17,First 500 album import (Google Photos download 2026-09-16); original name: 20260815_042502.jpg
photos/first500/first500-244.jpg,photos/first500,2026-08-13/17,First 500 album import (Google Photos download 2026-09-16); original name: 20260815_042516.jpg
photos/first500/first500-245.jpg,photos/first500,2026-08-13/17,First 500 album import (Google Photos download 2026-09-16); original name: 20260815_042602.jpg
photos/first500/first500-246.jpg,photos/first500,2026-08-13/17,First 500 album import (Google Photos download 2026-09-16); original name: 20260815_042616.jpg
photos/first500/first500-247.jpg,photos/first500,2026-08-13/17,First 500 album import (Google Photos download 2026-09-16); original name: 20260815_042633.jpg
photos/first500/first500-248.jpg,photos/first500,2026-08-13/17,First 500 album import (Google Photos download 2026-09-16); original name: 20260815_042702.jpg
photos/first500/first500-249.jpg,photos/first500,2026-08-13/17,First 500 album import (Google Photos download 2026-09-16); original name: 20260815_042717.jpg
photos/first500/first500-250.jpg,photos/first500,2026-08-13/17,First 500 album import (Google Photos download 2026-09-16); original name: 20260815_042730.jpg
photos/first500/first500-251.jpg,photos/first500,2026-08-13/17,First 500 album import (Google Photos download 2026-09-16); original name: 20260815_042741.jpg
photos/first500/first500-252.jpg,photos/first500,2026-08-13/17,First 500 album import (Google Photos download 2026-09-16); original name: 20260815_042757.jpg
photos/first500/first500-253.jpg,photos/first500,2026-08-13/17,First 500 album import (Google Photos download 2026-09-16); original name: 20260815_042806.jpg
photos/first500/first500-254.jpg,photos/first500,2026-08-13/17,First 500 album import (Google Photos download 2026-09-16); original name: 20260815_042823.jpg
photos/first500/first500-255.jpg,photos/first500,2026-08-13/17,First 500 album import (Google Photos download 2026-09-16); original name: 20260815_042829.jpg
photos/first500/first500-256.jpg,photos/first500,2026-08-13/17,First 500 album import (Google Photos download 2026-09-16); original name: 20260815_042836.jpg
photos/first500/first500-257.jpg,photos/first500,2026-08-13/17,First 500 album import (Google Photos download 2026-09-16); original name: 20260815_042845.jpg
photos/first500/first500-258.jpg,photos/first500,2026-08-13/17,First 500 album import (Google Photos download 2026-09-16); original name: 20260815_042856.jpg
photos/first500/first500-259.jpg,photos/first500,2026-08-13/17,First 500 album import (Google Photos download 2026-09-16); original name: 20260815_042903.jpg
photos/first500/first500-260.jpg,photos/first500,2026-08-13/17,First 500 album import (Google Photos download 2026-09-16); original name: 20260815_042909.jpg
photos/first500/first500-261.jpg,photos/first500,2026-08-13/17,First 500 album import (Google Photos download 2026-09-16); original name: 20260815_042922.jpg
photos/first500/first500-262.jpg,photos/first500,2026-08-13/17,First 500 album import (Google Photos download 2026-09-16); original name: 20260815_042930.jpg
photos/first500/first500-263.jpg,photos/first500,2026-08-13/17,First 500 album import (Google Photos download 2026-09-16); original name: 20260815_043004.jpg
photos/first500/first500-264.jpg,photos/first500,2026-08-13/17,First 500 album import (Google Photos download 2026-09-16); original name: 20260815_043024.jpg
photos/first500/first500-265.jpg,photos/first500,2026-08-13/17,First 500 album import (Google Photos download 2026-09-16); original name: 20260815_043145.jpg
photos/first500/first500-266.jpg,photos/first500,2026-08-13/17,First 500 album import (Google Photos download 2026-09-16); original name: 20260815_043227.jpg
photos/first500/first500-267.jpg,photos/first500,2026-08-13/17,First 500 album import (Google Photos download 2026-09-16); original name: 20260815_043243.jpg
photos/first500/first500-268.jpg,photos/first500,2026-08-13/17,First 500 album import (Google Photos download 2026-09-16); original name: 20260815_043336.jpg
photos/first500/first500-269.jpg,photos/first500,2026-08-13/17,First 500 album import (Google Photos download 2026-09-16); original name: 20260815_043601.jpg
photos/first500/first500-270.jpg,photos/first500,2026-08-13/17,First 500 album import (Google Photos download 2026-09-16); original name: 20260815_043620.jpg
photos/first500/first500-271.jpg,photos/first500,2026-08-13/17,First 500 album import (Google Photos download 2026-09-16); original name: 20260815_043640.jpg
photos/first500/first500-272.jpg,photos/first500,2026-08-13/17,First 500 album import (Google Photos download 2026-09-16); original name: 20260815_043659(1).jpg
photos/first500/first500-273.jpg,photos/first500,2026-08-13/17,First 500 album import (Google Photos download 2026-09-16); original name: 20260815_043659.jpg
photos/first500/first500-274.jpg,photos/first500,2026-08-13/17,First 500 album import (Google Photos download 2026-09-16); original name: 20260815_223141_001.jpg
photos/first500/first500-275.jpg,photos/first500,2026-08-13/17,First 500 album import (Google Photos download 2026-09-16); original name: 20260815_234225.jpg
photos/first500/first500-276.jpg,photos/first500,2026-08-13/17,First 500 album import (Google Photos download 2026-09-16); original name: 20260816_145254.jpg
photos/first500/first500-277.jpg,photos/first500,2026-08-13/17,First 500 album import (Google Photos download 2026-09-16); original name: 20260816_145910.jpg
photos/first500/first500-278.jpg,photos/first500,2026-08-13/17,First 500 album import (Google Photos download 2026-09-16); original name: 20260816_145914.jpg
photos/first500/first500-279.jpg,photos/first500,2026-08-13/17,First 500 album import (Google Photos download 2026-09-16); original name: 20260816_145926.jpg
photos/first500/first500-280.jpg,photos/first500,2026-08-13/17,First 500 album import (Google Photos download 2026-09-16); original name: 20260816_145938.jpg
photos/first500/first500-281.jpg,photos/first500,2026-08-13/17,First 500 album import (Google Photos download 2026-09-16); original name: 20260816_145947.jpg
photos/first500/first500-282.jpg,photos/first500,2026-08-13/17,First 500 album import (Google Photos download 2026-09-16); original name: 20260816_145953.jpg
photos/first500/first500-283.jpg,photos/first500,2026-08-13/17,First 500 album import (Google Photos download 2026-09-16); original name: 20260816_150002.jpg
photos/first500/first500-284.jpg,photos/first500,2026-08-13/17,First 500 album import (Google Photos download 2026-09-16); original name: 20260816_150010.jpg
photos/first500/first500-285.jpg,photos/first500,2026-08-13/17,First 500 album import (Google Photos download 2026-09-16); original name: 20260816_150018.jpg
photos/first500/first500-286.jpg,photos/first500,2026-08-13/17,First 500 album import (Google Photos download 2026-09-16); original name: 20260816_150030.jpg
photos/first500/first500-287.jpg,photos/first500,2026-08-13/17,First 500 album import (Google Photos download 2026-09-16); original name: 20260816_150041.jpg
photos/first500/first500-288.jpg,photos/first500,2026-08-13/17,First 500 album import (Google Photos download 2026-09-16); original name: 20260816_150054.jpg
photos/first500/first500-289.jpg,photos/first500,2026-08-13/17,First 500 album import (Google Photos download 2026-09-16); original name: 20260816_150058.jpg
photos/first500/first500-290.jpg,photos/first500,2026-08-13/17,First 500 album import (Google Photos download 2026-09-16); original name: 20260816_150102.jpg
photos/first500/first500-291.jpg,photos/first500,2026-08-13/17,First 500 album import (Google Photos download 2026-09-16); original name: 20260816_150107.jpg
photos/first500/first500-292.jpg,photos/first500,2026-08-13/17,First 500 album import (Google Photos download 2026-09-16); original name: 20260816_150114.jpg
photos/first500/first500-293.jpg,photos/first500,2026-08-13/17,First 500 album import (Google Photos download 2026-09-16); original name: 20260816_150144.jpg
photos/first500/first500-294.jpg,photos/first500,2026-08-13/17,First 500 album import (Google Photos download 2026-09-16); original name: 20260816_150157.jpg
photos/first500/first500-295.jpg,photos/first500,2026-08-13/17,First 500 album import (Google Photos download 2026-09-16); original name: 20260816_150237.jpg
photos/first500/first500-296.jpg,photos/first500,2026-08-13/17,First 500 album import (Google Photos download 2026-09-16); original name: 20260816_152047.jpg
photos/first500/first500-297.jpg,photos/first500,2026-08-13/17,First 500 album import (Google Photos download 2026-09-16); original name: 20260816_160542.jpg
photos/first500/first500-298.jpg,photos/first500,2026-08-13/17,First 500 album import (Google Photos download 2026-09-16); original name: 20260816_160744.jpg
photos/first500/first500-299.jpg,photos/first500,2026-08-13/17,First 500 album import (Google Photos download 2026-09-16); original name: 20260816_160933.jpg
photos/first500/first500-300.jpg,photos/first500,2026-08-13/17,First 500 album import (Google Photos download 2026-09-16); original name: 20260816_160945.jpg
photos/first500/first500-301.jpg,photos/first500,2026-08-13/17,First 500 album import (Google Photos download 2026-09-16); original name: 20260816_160951.jpg
photos/first500/first500-302.jpg,photos/first500,2026-08-13/17,First 500 album import (Google Photos download 2026-09-16); original name: 20260816_161002.jpg
photos/first500/first500-303.jpg,photos/first500,2026-08-13/17,First 500 album import (Google Photos download 2026-09-16); original name: 20260816_161037.jpg
photos/first500/first500-304.jpg,photos/first500,2026-08-13/17,First 500 album import (Google Photos download 2026-09-16); original name: 20260816_161059.jpg
photos/first500/first500-305.jpg,photos/first500,2026-08-13/17,First 500 album import (Google Photos download 2026-09-16); original name: 20260816_161103.jpg
photos/first500/first500-306.jpg,photos/first500,2026-08-13/17,First 500 album import (Google Photos download 2026-09-16); original name: 20260816_161116.jpg
photos/first500/first500-307.jpg,photos/first500,2026-08-13/17,First 500 album import (Google Photos download 2026-09-16); original name: 20260816_161136.jpg
photos/first500/first500-308.jpg,photos/first500,2026-08-13/17,First 500 album import (Google Photos download 2026-09-16); original name: 20260816_161140.jpg
photos/first500/first500-309.jpg,photos/first500,2026-08-13/17,First 500 album import (Google Photos download 2026-09-16); original name: 20260816_161146.jpg
photos/first500/first500-310.jpg,photos/first500,2026-08-13/17,First 500 album import (Google Photos download 2026-09-16); original name: 20260816_161544.jpg
photos/first500/first500-311.jpg,photos/first500,2026-08-13/17,First 500 album import (Google Photos download 2026-09-16); original name: 20260816_161628.jpg
photos/first500/first500-312.jpg,photos/first500,2026-08-13/17,First 500 album import (Google Photos download 2026-09-16); original name: 20260816_161648.jpg
photos/first500/first500-313.jpg,photos/first500,2026-08-13/17,First 500 album import (Google Photos download 2026-09-16); original name: 20260816_161651.jpg
photos/first500/first500-314.jpg,photos/first500,2026-08-13/17,First 500 album import (Google Photos download 2026-09-16); original name: 20260816_161816.jpg
photos/first500/first500-315.jpg,photos/first500,2026-08-13/17,First 500 album import (Google Photos download 2026-09-16); original name: 20260816_161819.jpg
photos/first500/first500-316.jpg,photos/first500,2026-08-13/17,First 500 album import (Google Photos download 2026-09-16); original name: 20260816_161831.jpg
photos/first500/first500-317.jpg,photos/first500,2026-08-13/17,First 500 album import (Google Photos download 2026-09-16); original name: 20260816_161844.jpg
photos/first500/first500-318.jpg,photos/first500,2026-08-13/17,First 500 album import (Google Photos download 2026-09-16); original name: 20260816_161918.jpg
photos/first500/first500-319.jpg,photos/first500,2026-08-13/17,First 500 album import (Google Photos download 2026-09-16); original name: 20260816_161928.jpg
photos/first500/first500-320.jpg,photos/first500,2026-08-13/17,First 500 album import (Google Photos download 2026-09-16); original name: 20260816_161941.jpg
photos/first500/first500-321.jpg,photos/first500,2026-08-13/17,First 500 album import (Google Photos download 2026-09-16); original name: 20260816_162018.jpg
photos/first500/first500-322.jpg,photos/first500,2026-08-13/17,First 500 album import (Google Photos download 2026-09-16); original name: 20260816_162030.jpg
photos/first500/first500-323.jpg,photos/first500,2026-08-13/17,First 500 album import (Google Photos download 2026-09-16); original name: 20260816_162313.jpg
photos/first500/first500-324.jpg,photos/first500,2026-08-13/17,First 500 album import (Google Photos download 2026-09-16); original name: 20260816_162318.jpg
photos/first500/first500-325.jpg,photos/first500,2026-08-13/17,First 500 album import (Google Photos download 2026-09-16); original name: 20260816_162343.jpg
photos/first500/first500-326.jpg,photos/first500,2026-08-13/17,First 500 album import (Google Photos download 2026-09-16); original name: 20260816_162357.jpg
photos/first500/first500-327.jpg,photos/first500,2026-08-13/17,First 500 album import (Google Photos download 2026-09-16); original name: 20260816_162359.jpg
photos/first500/first500-328.jpg,photos/first500,2026-08-13/17,First 500 album import (Google Photos download 2026-09-16); original name: 20260816_162411.jpg
photos/first500/first500-329.jpg,photos/first500,2026-08-13/17,First 500 album import (Google Photos download 2026-09-16); original name: 20260816_162417.jpg
photos/first500/first500-330.jpg,photos/first500,2026-08-13/17,First 500 album import (Google Photos download 2026-09-16); original name: 20260816_162451.jpg
photos/first500/first500-331.jpg,photos/first500,2026-08-13/17,First 500 album import (Google Photos download 2026-09-16); original name: 20260816_162502.jpg
photos/first500/first500-332.jpg,photos/first500,2026-08-13/17,First 500 album import (Google Photos download 2026-09-16); original name: 20260816_162509.jpg
photos/first500/first500-333.jpg,photos/first500,2026-08-13/17,First 500 album import (Google Photos download 2026-09-16); original name: 20260816_162511.jpg
photos/first500/first500-334.jpg,photos/first500,2026-08-13/17,First 500 album import (Google Photos download 2026-09-16); original name: 20260816_162522.jpg
photos/first500/first500-335.jpg,photos/first500,2026-08-13/17,First 500 album import (Google Photos download 2026-09-16); original name: 20260816_162546.jpg
photos/first500/first500-336.jpg,photos/first500,2026-08-13/17,First 500 album import (Google Photos download 2026-09-16); original name: 20260816_162548.jpg
photos/first500/first500-337.jpg,photos/first500,2026-08-13/17,First 500 album import (Google Photos download 2026-09-16); original name: 20260816_162554.jpg
photos/first500/first500-338.jpg,photos/first500,2026-08-13/17,First 500 album import (Google Photos download 2026-09-16); original name: 20260816_162601.jpg
photos/first500/first500-339.jpg,photos/first500,2026-08-13/17,First 500 album import (Google Photos download 2026-09-16); original name: 20260816_162646.jpg
photos/first500/first500-340.jpg,photos/first500,2026-08-13/17,First 500 album import (Google Photos download 2026-09-16); original name: 20260816_162655.jpg
photos/first500/first500-341.jpg,photos/first500,2026-08-13/17,First 500 album import (Google Photos download 2026-09-16); original name: 20260816_162819.jpg
photos/first500/first500-342.jpg,photos/first500,2026-08-13/17,First 500 album import (Google Photos download 2026-09-16); original name: 20260816_162825.jpg
photos/first500/first500-343.jpg,photos/first500,2026-08-13/17,First 500 album import (Google Photos download 2026-09-16); original name: 20260816_162832.jpg
photos/first500/first500-344.jpg,photos/first500,2026-08-13/17,First 500 album import (Google Photos download 2026-09-16); original name: 20260816_162835.jpg
photos/first500/first500-345.jpg,photos/first500,2026-08-13/17,First 500 album import (Google Photos download 2026-09-16); original name: 20260816_162837.jpg
photos/first500/first500-346.jpg,photos/first500,2026-08-13/17,First 500 album import (Google Photos download 2026-09-16); original name: 20260816_162849.jpg
photos/first500/first500-347.mp4,photos/first500,2026-08-13/17,First 500 album import (Google Photos download 2026-09-16); original name: 20260816_162928.mp4
photos/first500/first500-348.jpg,photos/first500,2026-08-13/17,First 500 album import (Google Photos download 2026-09-16); original name: 20260816_163125.jpg
photos/first500/first500-349.jpg,photos/first500,2026-08-13/17,First 500 album import (Google Photos download 2026-09-16); original name: 20260816_163135.jpg
photos/first500/first500-350.jpg,photos/first500,2026-08-13/17,First 500 album import (Google Photos download 2026-09-16); original name: 20260816_163139.jpg
photos/first500/first500-351.jpg,photos/first500,2026-08-13/17,First 500 album import (Google Photos download 2026-09-16); original name: 20260816_163146.jpg
photos/first500/first500-352.jpg,photos/first500,2026-08-13/17,First 500 album import (Google Photos download 2026-09-16); original name: 20260816_163150.jpg
photos/first500/first500-353.jpg,photos/first500,2026-08-13/17,First 500 album import (Google Photos download 2026-09-16); original name: 20260816_163214.jpg
photos/first500/first500-354.jpg,photos/first500,2026-08-13/17,First 500 album import (Google Photos download 2026-09-16); original name: 20260816_163217.jpg
photos/first500/first500-355.jpg,photos/first500,2026-08-13/17,First 500 album import (Google Photos download 2026-09-16); original name: 20260816_163219.jpg
photos/first500/first500-356.jpg,photos/first500,2026-08-13/17,First 500 album import (Google Photos download 2026-09-16); original name: 20260816_163221.jpg
photos/first500/first500-357.mp4,photos/first500,2026-08-13/17,First 500 album import (Google Photos download 2026-09-16); original name: 20260816_174051.mp4
photos/first500/first500-358.mp4,photos/first500,2026-08-13/17,First 500 album import (Google Photos download 2026-09-16); original name: 20260816_174334.mp4
photos/first500/first500-359.jpg,photos/first500,2026-08-13/17,First 500 album import (Google Photos download 2026-09-16); original name: 20260816_191715.jpg
photos/first500/first500-360.jpg,photos/first500,2026-08-13/17,First 500 album import (Google Photos download 2026-09-16); original name: 20260816_191754.jpg
photos/first500/first500-361.jpg,photos/first500,2026-08-13/17,First 500 album import (Google Photos download 2026-09-16); original name: 20260816_191820.jpg
photos/first500/first500-362.jpg,photos/first500,2026-08-13/17,First 500 album import (Google Photos download 2026-09-16); original name: 20260816_191834.jpg
photos/first500/first500-363.jpg,photos/first500,2026-08-13/17,First 500 album import (Google Photos download 2026-09-16); original name: 20260816_191844.jpg
photos/first500/first500-364.jpg,photos/first500,2026-08-13/17,First 500 album import (Google Photos download 2026-09-16); original name: 20260816_191907.jpg
photos/first500/first500-365.jpg,photos/first500,2026-08-13/17,First 500 album import (Google Photos download 2026-09-16); original name: 20260816_191913.jpg
photos/first500/first500-366.jpg,photos/first500,2026-08-13/17,First 500 album import (Google Photos download 2026-09-16); original name: 20260816_191924.jpg
photos/first500/first500-367.jpg,photos/first500,2026-08-13/17,First 500 album import (Google Photos download 2026-09-16); original name: 20260816_191936.jpg
photos/first500/first500-368.jpg,photos/first500,2026-08-13/17,First 500 album import (Google Photos download 2026-09-16); original name: 20260816_191942.jpg
photos/first500/first500-369.jpg,photos/first500,2026-08-13/17,First 500 album import (Google Photos download 2026-09-16); original name: 20260816_191947.jpg
photos/first500/first500-370.jpg,photos/first500,2026-08-13/17,First 500 album import (Google Photos download 2026-09-16); original name: 20260816_191951.jpg
photos/first500/first500-371.jpg,photos/first500,2026-08-13/17,First 500 album import (Google Photos download 2026-09-16); original name: 20260816_191958.jpg
photos/first500/first500-372.jpg,photos/first500,2026-08-13/17,First 500 album import (Google Photos download 2026-09-16); original name: 20260816_192002.jpg
photos/first500/first500-373.jpg,photos/first500,2026-08-13/17,First 500 album import (Google Photos download 2026-09-16); original name: 20260816_192007.jpg
photos/first500/first500-374.jpg,photos/first500,2026-08-13/17,First 500 album import (Google Photos download 2026-09-16); original name: 20260816_192020.jpg
photos/first500/first500-375.jpg,photos/first500,2026-08-13/17,First 500 album import (Google Photos download 2026-09-16); original name: 20260816_192032.jpg
photos/first500/first500-376.jpg,photos/first500,2026-08-13/17,First 500 album import (Google Photos download 2026-09-16); original name: 20260816_192034.jpg
photos/first500/first500-377.jpg,photos/first500,2026-08-13/17,First 500 album import (Google Photos download 2026-09-16); original name: 20260816_192044.jpg
photos/first500/first500-378.jpg,photos/first500,2026-08-13/17,First 500 album import (Google Photos download 2026-09-16); original name: 20260816_192051.jpg
photos/first500/first500-379.jpg,photos/first500,2026-08-13/17,First 500 album import (Google Photos download 2026-09-16); original name: 20260816_192107.jpg
photos/first500/first500-380.jpg,photos/first500,2026-08-13/17,First 500 album import (Google Photos download 2026-09-16); original name: 20260816_192118.jpg
photos/first500/first500-381.jpg,photos/first500,2026-08-13/17,First 500 album import (Google Photos download 2026-09-16); original name: 20260816_192124.jpg
photos/first500/first500-382.jpg,photos/first500,2026-08-13/17,First 500 album import (Google Photos download 2026-09-16); original name: 20260816_192131.jpg
photos/first500/first500-383.jpg,photos/first500,2026-08-13/17,First 500 album import (Google Photos download 2026-09-16); original name: 20260816_192144.jpg
photos/first500/first500-384.png,photos/first500,2026-08-13/17,First 500 album import (Google Photos download 2026-09-16); original name: IMG_0027.PNG
photos/first500/first500-385.png,photos/first500,2026-08-13/17,First 500 album import (Google Photos download 2026-09-16); original name: IMG_0028.PNG
photos/first500/first500-386.png,photos/first500,2026-08-13/17,First 500 album import (Google Photos download 2026-09-16); original name: IMG_0030.PNG
photos/first500/first500-387.jpg,photos/first500,2026-08-13/17,First 500 album import (Google Photos download 2026-09-16); original name: IMG_0031.JPG
photos/first500/first500-388.png,photos/first500,2026-08-13/17,First 500 album import (Google Photos download 2026-09-16); original name: IMG_0032.PNG
photos/first500/first500-389.jpg,photos/first500,2026-08-13/17,First 500 album import (Google Photos download 2026-09-16); original name: IMG_0033.JPG
photos/first500/first500-390.jpg,photos/first500,2026-08-13/17,First 500 album import (Google Photos download 2026-09-16); original name: IMG_0034.JPG
photos/first500/first500-391.jpg,photos/first500,2026-08-13/17,First 500 album import (Google Photos download 2026-09-16); original name: IMG_0035.JPG
photos/first500/first500-392.jpg,photos/first500,2026-08-13/17,First 500 album import (Google Photos download 2026-09-16); original name: IMG_0036.JPG
photos/first500/first500-393.jpg,photos/first500,2026-08-13/17,First 500 album import (Google Photos download 2026-09-16); original name: IMG_0037.JPG
photos/first500/first500-394.jpg,photos/first500,2026-08-13/17,First 500 album import (Google Photos download 2026-09-16); original name: IMG_0038.JPG
photos/first500/first500-395.jpg,photos/first500,2026-08-13/17,First 500 album import (Google Photos download 2026-09-16); original name: IMG_0039.JPG
photos/first500/first500-396.jpg,photos/first500,2026-08-13/17,First 500 album import (Google Photos download 2026-09-16); original name: IMG_0040.JPG
photos/first500/first500-397.jpg,photos/first500,2026-08-13/17,First 500 album import (Google Photos download 2026-09-16); original name: IMG_0041.JPG
photos/first500/first500-398.jpg,photos/first500,2026-08-13/17,First 500 album import (Google Photos download 2026-09-16); original name: IMG_0042.JPG
photos/first500/first500-399.jpg,photos/first500,2026-08-13/17,First 500 album import (Google Photos download 2026-09-16); original name: IMG_0043.JPG
photos/first500/first500-400.jpg,photos/first500,2026-08-13/17,First 500 album import (Google Photos download 2026-09-16); original name: IMG_0044.JPG
photos/first500/first500-401.jpg,photos/first500,2026-08-13/17,First 500 album import (Google Photos download 2026-09-16); original name: IMG_0045.JPG
photos/first500/first500-402.jpg,photos/first500,2026-08-13/17,First 500 album import (Google Photos download 2026-09-16); original name: IMG_0046.JPG
photos/first500/first500-403.jpg,photos/first500,2026-08-13/17,First 500 album import (Google Photos download 2026-09-16); original name: IMG_0047.JPG
photos/first500/first500-404.jpg,photos/first500,2026-08-13/17,First 500 album import (Google Photos download 2026-09-16); original name: IMG_0048.JPG
photos/first500/first500-405.jpg,photos/first500,2026-08-13/17,First 500 album import (Google Photos download 2026-09-16); original name: IMG_0049.JPG
photos/first500/first500-406.jpg,photos/first500,2026-08-13/17,First 500 album import (Google Photos download 2026-09-16); original name: IMG_0050.JPG
photos/first500/first500-407.jpg,photos/first500,2026-08-13/17,First 500 album import (Google Photos download 2026-09-16); original name: IMG_0051.JPG
photos/first500/first500-408.jpg,photos/first500,2026-08-13/17,First 500 album import (Google Photos download 2026-09-16); original name: IMG_0052.JPG
photos/first500/first500-409.png,photos/first500,2026-08-13/17,First 500 album import (Google Photos download 2026-09-16); original name: IMG_0053.PNG
photos/first500/first500-410.png,photos/first500,2026-08-13/17,First 500 album import (Google Photos download 2026-09-16); original name: IMG_0054.PNG
photos/first500/first500-411.png,photos/first500,2026-08-13/17,First 500 album import (Google Photos download 2026-09-16); original name: IMG_0055.PNG
photos/first500/first500-412.jpg,photos/first500,2026-08-13/17,First 500 album import (Google Photos download 2026-09-16); original name: IMG_0056.JPG
photos/first500/first500-413.jpg,photos/first500,2026-08-13/17,First 500 album import (Google Photos download 2026-09-16); original name: IMG_0057.JPG
photos/first500/first500-414.jpg,photos/first500,2026-08-13/17,First 500 album import (Google Photos download 2026-09-16); original name: IMG_0058.JPG
photos/first500/first500-415.jpg,photos/first500,2026-08-13/17,First 500 album import (Google Photos download 2026-09-16); original name: IMG_0059.JPG
photos/first500/first500-416.jpg,photos/first500,2026-08-13/17,First 500 album import (Google Photos download 2026-09-16); original name: IMG_0060.JPG
photos/first500/first500-417.jpg,photos/first500,2026-08-13/17,First 500 album import (Google Photos download 2026-09-16); original name: IMG_0061.JPG
photos/first500/first500-418.jpg,photos/first500,2026-08-13/17,First 500 album import (Google Photos download 2026-09-16); original name: IMG_0062.JPG
photos/first500/first500-419.jpg,photos/first500,2026-08-13/17,First 500 album import (Google Photos download 2026-09-16); original name: IMG_0063.JPG
photos/first500/first500-420.jpg,photos/first500,2026-08-13/17,First 500 album import (Google Photos download 2026-09-16); original name: IMG_0090.JPG
photos/first500/first500-421.jpg,photos/first500,2026-08-13/17,First 500 album import (Google Photos download 2026-09-16); original name: IMG_0091.JPG
photos/first500/first500-422.jpg,photos/first500,2026-08-13/17,First 500 album import (Google Photos download 2026-09-16); original name: IMG_0092.JPG
photos/first500/first500-423.jpg,photos/first500,2026-08-13/17,First 500 album import (Google Photos download 2026-09-16); original name: IMG_0093.JPG
photos/first500/first500-424.jpg,photos/first500,2026-08-13/17,First 500 album import (Google Photos download 2026-09-16); original name: IMG_0094.JPG
photos/first500/first500-425.jpg,photos/first500,2026-08-13/17,First 500 album import (Google Photos download 2026-09-16); original name: IMG_0095.JPG
photos/first500/first500-426.jpg,photos/first500,2026-08-13/17,First 500 album import (Google Photos download 2026-09-16); original name: IMG_0096.JPG
photos/first500/first500-427.jpg,photos/first500,2026-08-13/17,First 500 album import (Google Photos download 2026-09-16); original name: IMG_0097.JPG
photos/first500/first500-428.png,photos/first500,2026-08-13/17,First 500 album import (Google Photos download 2026-09-16); original name: IMG_0098.PNG
photos/first500/first500-429.png,photos/first500,2026-08-13/17,First 500 album import (Google Photos download 2026-09-16); original name: IMG_0099.PNG
photos/first500/first500-430.png,photos/first500,2026-08-13/17,First 500 album import (Google Photos download 2026-09-16); original name: IMG_0100.PNG
photos/first500/first500-431.png,photos/first500,2026-08-13/17,First 500 album import (Google Photos download 2026-09-16); original name: IMG_0101.PNG
photos/first500/first500-432.png,photos/first500,2026-08-13/17,First 500 album import (Google Photos download 2026-09-16); original name: IMG_0102.PNG
photos/first500/first500-433.png,photos/first500,2026-08-13/17,First 500 album import (Google Photos download 2026-09-16); original name: IMG_0103.PNG
photos/first500/first500-434.png,photos/first500,2026-08-13/17,First 500 album import (Google Photos download 2026-09-16); original name: IMG_0104.PNG
photos/first500/first500-435.png,photos/first500,2026-08-13/17,First 500 album import (Google Photos download 2026-09-16); original name: IMG_0105.PNG
photos/first500/first500-436.png,photos/first500,2026-08-13/17,First 500 album import (Google Photos download 2026-09-16); original name: IMG_0106.PNG
photos/first500/first500-437.png,photos/first500,2026-08-13/17,First 500 album import (Google Photos download 2026-09-16); original name: IMG_0107.PNG
photos/first500/first500-438.png,photos/first500,2026-08-13/17,First 500 album import (Google Photos download 2026-09-16); original name: IMG_0108.PNG
photos/first500/first500-439.png,photos/first500,2026-08-13/17,First 500 album import (Google Photos download 2026-09-16); original name: IMG_0109.PNG
photos/first500/first500-440.png,photos/first500,2026-08-13/17,First 500 album import (Google Photos download 2026-09-16); original name: IMG_0110.PNG
photos/first500/first500-441.jpg,photos/first500,2026-08-13/17,First 500 album import (Google Photos download 2026-09-16); original name: IMG_0111.JPG
photos/first500/first500-442.jpg,photos/first500,2026-08-13/17,First 500 album import (Google Photos download 2026-09-16); original name: IMG_0112.JPG
photos/first500/first500-443.jpg,photos/first500,2026-08-13/17,First 500 album import (Google Photos download 2026-09-16); original name: IMG_0113.JPG
photos/first500/first500-444.jpg,photos/first500,2026-08-13/17,First 500 album import (Google Photos download 2026-09-16); original name: IMG_0114.JPG
photos/first500/first500-445.jpg,photos/first500,2026-08-13/17,First 500 album import (Google Photos download 2026-09-16); original name: IMG_0115.JPG
photos/first500/first500-446.jpg,photos/first500,2026-08-13/17,First 500 album import (Google Photos download 2026-09-16); original name: IMG_0116.JPG
photos/first500/first500-447.jpg,photos/first500,2026-08-13/17,First 500 album import (Google Photos download 2026-09-16); original name: IMG_0117.JPG
photos/first500/first500-448.jpg,photos/first500,2026-08-13/17,First 500 album import (Google Photos download 2026-09-16); original name: IMG_0118.JPG
photos/first500/first500-449.jpg,photos/first500,2026-08-13/17,First 500 album import (Google Photos download 2026-09-16); original name: IMG_0119.JPG
photos/first500/first500-450.jpg,photos/first500,2026-08-13/17,First 500 album import (Google Photos download 2026-09-16); original name: IMG_0120.JPG
photos/first500/first500-451.jpg,photos/first500,2026-08-13/17,First 500 album import (Google Photos download 2026-09-16); original name: IMG_0121.JPG
photos/first500/first500-452.jpg,photos/first500,2026-08-13/17,First 500 album import (Google Photos download 2026-09-16); original name: IMG_0131.JPG
photos/first500/first500-453.jpg,photos/first500,2026-08-13/17,First 500 album import (Google Photos download 2026-09-16); original name: IMG_0133.JPG
photos/first500/first500-454.jpg,photos/first500,2026-08-13/17,First 500 album import (Google Photos download 2026-09-16); original name: IMG_0135.JPG
photos/first500/first500-455.jpg,photos/first500,2026-08-13/17,First 500 album import (Google Photos download 2026-09-16); original name: IMG_0136.JPG
photos/first500/first500-456.jpg,photos/first500,2026-08-13/17,First 500 album import (Google Photos download 2026-09-16); original name: IMG_0137.JPG
photos/first500/first500-457.jpg,photos/first500,2026-08-13/17,First 500 album import (Google Photos download 2026-09-16); original name: IMG_0138.JPG
photos/first500/first500-458.jpg,photos/first500,2026-08-13/17,First 500 album import (Google Photos download 2026-09-16); original name: IMG_0139.JPG
photos/first500/first500-459.jpg,photos/first500,2026-08-13/17,First 500 album import (Google Photos download 2026-09-16); original name: IMG_0140.JPG
photos/first500/first500-460.jpg,photos/first500,2026-08-13/17,First 500 album import (Google Photos download 2026-09-16); original name: IMG_0141.JPG
photos/first500/first500-461.jpg,photos/first500,2026-08-13/17,First 500 album import (Google Photos download 2026-09-16); original name: IMG_0142.JPG
photos/first500/first500-462.jpg,photos/first500,2026-08-13/17,First 500 album import (Google Photos download 2026-09-16); original name: IMG_0143.JPG
photos/first500/first500-463.jpg,photos/first500,2026-08-13/17,First 500 album import (Google Photos download 2026-09-16); original name: IMG_0144.JPG
photos/first500/first500-464.jpg,photos/first500,2026-08-13/17,First 500 album import (Google Photos download 2026-09-16); original name: IMG_0145.JPG
photos/first500/first500-465.jpg,photos/first500,2026-08-13/17,First 500 album import (Google Photos download 2026-09-16); original name: IMG_0146.JPG
photos/first500/first500-466.jpg,photos/first500,2026-08-13/17,First 500 album import (Google Photos download 2026-09-16); original name: IMG_0147.JPG
photos/first500/first500-467.jpg,photos/first500,2026-08-13/17,First 500 album import (Google Photos download 2026-09-16); original name: IMG_0148.JPG
photos/first500/first500-468.jpg,photos/first500,2026-08-13/17,First 500 album import (Google Photos download 2026-09-16); original name: IMG_0149.JPG
photos/first500/first500-469.jpg,photos/first500,2026-08-13/17,First 500 album import (Google Photos download 2026-09-16); original name: IMG_0150.JPG
photos/first500/first500-470.jpg,photos/first500,2026-08-13/17,First 500 album import (Google Photos download 2026-09-16); original name: IMG_0151.JPG
photos/first500/first500-471.jpg,photos/first500,2026-08-13/17,First 500 album import (Google Photos download 2026-09-16); original name: IMG_0152.JPG
photos/first500/first500-472.jpg,photos/first500,2026-08-13/17,First 500 album import (Google Photos download 2026-09-16); original name: IMG_0153.JPG
photos/first500/first500-473.jpg,photos/first500,2026-08-13/17,First 500 album import (Google Photos download 2026-09-16); original name: IMG_0154.JPG
photos/first500/first500-474.jpg,photos/first500,2026-08-13/17,First 500 album import (Google Photos download 2026-09-16); original name: IMG_0158.JPG
photos/first500/first500-475.jpg,photos/first500,2026-08-13/17,First 500 album import (Google Photos download 2026-09-16); original name: IMG_0159.JPG
photos/first500/first500-476.jpg,photos/first500,2026-08-13/17,First 500 album import (Google Photos download 2026-09-16); original name: IMG_0160.JPG
photos/first500/first500-477.jpg,photos/first500,2026-08-13/17,First 500 album import (Google Photos download 2026-09-16); original name: IMG_0161.JPG
photos/first500/first500-478.jpg,photos/first500,2026-08-13/17,First 500 album import (Google Photos download 2026-09-16); original name: IMG_0162.JPG
photos/first500/first500-479.jpg,photos/first500,2026-08-13/17,First 500 album import (Google Photos download 2026-09-16); original name: IMG_0163.JPG
photos/first500/first500-480.jpg,photos/first500,2026-08-13/17,First 500 album import (Google Photos download 2026-09-16); original name: IMG_0164.JPG
photos/first500/first500-481.jpg,photos/first500,2026-08-13/17,First 500 album import (Google Photos download 2026-09-16); original name: IMG_0165.JPG
photos/first500/first500-482.jpeg,photos/first500,2026-08-13/17,First 500 album import (Google Photos download 2026-09-16); original name: Messenger_creation_38540D8A-CE28-484A-B0B0-C946B218C6F8.jpeg
photos/first500/first500-483.jpeg,photos/first500,2026-08-13/17,First 500 album import (Google Photos download 2026-09-16); original name: Messenger_creation_4DC0A357-91A7-494C-BB13-214FBCF34FAC.jpeg
photos/first500/first500-484.jpeg,photos/first500,2026-08-13/17,First 500 album import (Google Photos download 2026-09-16); original name: Messenger_creation_62393AEB-6B97-4899-AF49-1A151366AF7A.jpeg
photos/first500/first500-485.jpeg,photos/first500,2026-08-13/17,First 500 album import (Google Photos download 2026-09-16); original name: Messenger_creation_E1A47969-2930-4005-9AF4-919E74A04326.jpeg
photos/first500/first500-486.jpg,photos/first500,2026-08-13/17,First 500 album import (Google Photos download 2026-09-16); original name: Screenshot_20260813_052859_Chrome.jpg
photos/first500/first500-487.jpg,photos/first500,2026-08-13/17,First 500 album import (Google Photos download 2026-09-16); original name: Screenshot_20260813_132046_Facebook.jpg
photos/first500/first500-488.jpg,photos/first500,2026-08-13/17,First 500 album import (Google Photos download 2026-09-16); original name: Screenshot_20260815_091649_Reddit.jpg
photos/first500/first500-489.jpg,photos/first500,2026-08-13/17,First 500 album import (Google Photos download 2026-09-16); original name: Screenshot_20260815_094304_Reddit.jpg
photos/first500/first500-490.jpg,photos/first500,2026-08-13/17,First 500 album import (Google Photos download 2026-09-16); original name: Screenshot_20260815_094310_Reddit.jpg
photos/first500/first500-491.jpg,photos/first500,2026-08-13/17,First 500 album import (Google Photos download 2026-09-16); original name: Screenshot_20260815_094315_Reddit.jpg
photos/first500/first500-492.jpg,photos/first500,2026-08-13/17,First 500 album import (Google Photos download 2026-09-16); original name: Screenshot_20260815_094320_Reddit.jpg
photos/first500/first500-493.jpg,photos/first500,2026-08-13/17,First 500 album import (Google Photos download 2026-09-16); original name: Screenshot_20260815_094324_Reddit.jpg
photos/first500/first500-494.jpg,photos/first500,2026-08-13/17,First 500 album import (Google Photos download 2026-09-16); original name: Screenshot_20260815_094329_Reddit.jpg
photos/first500/first500-495.jpg,photos/first500,2026-08-13/17,First 500 album import (Google Photos download 2026-09-16); original name: Screenshot_20260815_102200_Photos.jpg
photos/first500/first500-496.jpg,photos/first500,2026-08-13/17,First 500 album import (Google Photos download 2026-09-16); original name: Screenshot_20260815_233621_Google.jpg
photos/first500/first500-497.jpg,photos/first500,2026-08-13/17,First 500 album import (Google Photos download 2026-09-16); original name: Screenshot_20260817_035352_Gallery.jpg
2026-09-17_reverse-mast-top-two-chips.jpg,photos,2026-09-17,Reverse close-up below E PLURIBUS UNUM showing two small raised marks at top of mast (user asked for expert analysis of these marks vs Pete Apple die-flow theory)
2026-09-17_coin2-three-marks-below-UN.jpg,photos,2026-09-17,Second coin: three dark curved marks in a row below UN at mast top (vs two marks on first coin)
2026-09-17_coin2-field-line-below-UN.jpg,photos,2026-09-17,Second coin: thin curved line through field below UN, possible die crack
2026-09-17_coin3-sail-edge-rough-metal.jpg,photos,2026-09-17,Third coin: rough lumpy raised metal along sail curve, possible die break or deterioration
2026-09-17_coin3-field-crack-mast-top.jpg,photos,2026-09-17,Third coin: jagged crack-like line in field below U near mast top, possible die crack
2026-09-17_field-thin-lines-microscope.jpg,photos,2026-09-17,Microscope view of field showing thin diagonal line and short curved line (possible cracks or scratches); user asked for read
2026-09-17_sail-rigging-texture.jpg,photos,2026-09-17,Sail and rigging close-up showing wavy surface texture and small dark dot at rigging base; user asked for read
takeout-046_20260825_030754_reverse-green-fabric.jpg,photos,2026-09-17,Mayflower reverse full coin on green fabric Galaxy A23; normal strike no anomalies visible at this magnification
takeout-047_20260825_030754-dup-small.jpg,photos,2026-09-17,Smaller duplicate version of takeout-046 same photo lower resolution
takeout-048_20260903_043406_d-reverse-purple.jpg,photos,2026-09-17,D-mint Mayflower reverse purple lighting; normal strike no anomalies visible
takeout-049_20260904_150651_microscope-monitor-blurry.jpg,photos,2026-09-17,Blurry photo of microscope monitor showing rigging/sail area; low diagnostic value
takeout-050_20260912_161214_d-reverse-red-fabric.jpg,photos,2026-09-17,D-mint Mayflower reverse on red fabric; normal strike no anomalies visible
takeout-051_img_20260507_wide-red-velvet.jpg,photos,2026-09-17,Wide shot Mayflower reverse on red velvet Twisted Penny watermark 2026-05-07; too small for anomaly detail
takeout-052_img_20260704_d-reverse-green-loupe.jpg,photos,2026-09-17,D-mint Mayflower reverse through green loupe Phantom of Larose watermark 2026-07-04; normal strike
takeout-053_screenshot_die-clash-analyzer-medal-turn.jpg,photos,2026-09-17,Research screenshot: Die Clash & Transfer Analyzer Medal Turn 0pct 71pct crossfade reverse base plus inverted obverse
takeout-054_screenshot_die-clash-analyzer-cointurn-180.jpg,photos,2026-09-17,Research screenshot: Die Clash & Transfer Analyzer Coin Turn 180deg Active 71pct crossfade
takeout-055_img_0117_mast-rigging-closeup.jpg,photos,2026-09-17,Close-up of mast rigging and sail area Mayflower reverse; normal design detail no arch marks visible here
2026-09-17_coin3-crack-map-red-lines.jpg,photos,2026-09-17,Crack-map overlay: straight red line drawn through the field crack below the U (UNITED) extended full frame; annotated copy of 2026-09-17_coin3-field-crack-mast-top.jpg for pressure-mirroring theory test
2026-09-17_reverse-crack-template-all-cracks.jpg,photos,2026-09-17,Template: all reverse cracks mapped onto one study-coin reverse (golden photo). Red lines: 1) vertical field crack below U in UNITED, 2) three arch marks below UN, 3) faint diagonal field line below UN, 4) mast-top chip at rigging junction. Positions approximate by landmark.
photos/2026-09-17_reverse-crack-template-EVERY-coin.jpg,photos,2026-09-17,"FINAL all-specimen reverse crack template: every P-mint study-coin crack-like feature mapped onto one template as extended red lines - (1) field crack below U, (2) three arch marks below UN, (3) faint diagonal field line below UN, (4) rough die-break edge along mainsail top, (5) mast-top chip; obverse photos showed no cracks; composite for testing, not proof all coexist on one die"
photos/2026-09-17_obverse-crack-hunt-panel.jpg,photos,2026-09-17,"Obverse crack hunt: 2x crops of all four 2025-04-10 obverse closeups with every candidate mark circled/lined - (007) small dark spot, (008) faint light streak, (009) small dark dash, (010) faint diagonal line; none is a confirmed die crack; no full-obverse photo exists in the set"
photos/2026-09-17_obverse-full-front.jpg,photos,2026-09-17,"User-supplied straight-on full obverse of 2026-P Mayflower quarter in black stand (E PLURIBUS UNUM, 1776~2026, IN GOD WE TRUST, P mint mark) - first full front photo in set"
photos/2026-09-17_obverse-crack-template.jpg,photos,2026-09-17,OBVERSE crack template: red polyline traces die crack running rim-to-rim through IN and 1776~2026 date; short red dash marks small unconfirmed field mark left of RS; every crack-like feature from all front photos mapped
photos/2026-09-17_ONE-coin-every-crack-both-faces.jpg,photos,2026-09-17,"FINAL one-coin display: obverse template (date crack through 1776~2026 + small RS mark) beside reverse template (5 crack features) - every crack found across all study-coin photos mapped onto one coin, both faces; composite test map"
